id,thomas_id,api_uri,first_name,middle_name,last_name,party,twitter_account,facebook_account,facebook_id,url,rss_url,domain,seniority,state,district,missed_votes_pct,votes_with_party_pct
A000014,2,http://api.nytimes.com/svc/politics/v3/us/legislative/congress/members/A000014.json,Neil,,Abercrombie,D,neilabercrombie,,,,,,20,HI,1,6.24,95.11
A000022,4,http://api.nytimes.com/svc/politics/v3/us/legislative/congress/members/A000022.json,Gary,L.,Ackerman,D,repgaryackerman,,,,,,26,NY,5,5.07,97.98
A000055,1460,http://api.nytimes.com/svc/politics/v3/us/legislative/congress/members/A000055.json,Robert,B.,Aderholt,R,Robert_Aderholt,RobertAderholt,19787529402,http://aderholt.house.gov,http://aderholt.house.gov/common/rss//index.cfm?rss=20,aderholt.house.gov,12,AL,4,2.72,91.67
A000210,21,http://api.nytimes.com/svc/politics/v3/us/legislative/congress/members/A000210.json,Robert,E.,Andrews,D,RepAndrews,,,http://andrews.house.gov/,http://andrews.house.gov/rss.xml,andrews.house.gov,20,NJ,1,12.00,97.33
A000357,1461,http://api.nytimes.com/svc/politics/v3/us/legislative/congress/members/A000357.json,Thomas,H.,Allen,D,,,,,,,12,ME,1,2.88,97.36
A000358,1655,http://api.nytimes.com/svc/politics/v3/us/legislative/congress/members/A000358.json,Todd,,Akin,R,reptoddakin,,,,,,8,MO,2,1.92,91.08
A000361,1727,http://api.nytimes.com/svc/politics/v3/us/legislative/congress/members/A000361.json,Rodney,,Alexander,R,USRepAlexander,RepRodneyAlexander,20002702544,http://alexander.house.gov/,http://alexander.house.gov/common/rss/?rss=24,alexander.house.gov,6,LA,5,5.49,91.20
A000362,1873,http://api.nytimes.com/svc/politics/v3/us/legislative/congress/members/A000362.json,Jason,,Altmire,D,RepJasonAltmire,,,,,,2,PA,4,0.00,86.93
A000363,1867,http://api.nytimes.com/svc/politics/v3/us/legislative/congress/members/A000363.json,Michael,,Arcuri,D,,,,,,,2,NY,24,0.85,96.66
B000013,38,http://api.nytimes.com/svc/politics/v3/us/legislative/congress/members/B000013.json,Spencer,,Bachus,R,BachusAL06,SpencerBachus,6769692966,http://bachus.house.gov,http://bachus.house.gov/index.php?option=com_bca-rss-syndicator&feed_id=1,bachus.house.gov,16,AL,6,7.31,92.17
B000072,47,http://api.nytimes.com/svc/politics/v3/us/legislative/congress/members/B000072.json,Richard,Hugh,Baker,R,,,,,,,22,LA,6,4.86,90.13
B000208,60,http://api.nytimes.com/svc/politics/v3/us/legislative/congress/members/B000208.json,Roscoe,G.,Bartlett,R,,,,,,,16,MD,6,1.01,89.76
B000213,62,http://api.nytimes.com/svc/politics/v3/us/legislative/congress/members/B000213.json,Joe,L.,Barton,R,RepJoeBarton,RepJoeBarton,15617630596,http://joebarton.house.gov,http://joebarton.house.gov/index.php?option=com_content&view=category&layout=blog&id=27&format=feed&type=rss,joebarton.house.gov,24,TX,6,3.20,90.63
B000287,70,http://api.nytimes.com/svc/politics/v3/us/legislative/congress/members/B000287.json,Xavier,,Becerra,D,repbecerra,XavierBecerra,90311772229,http://becerra.house.gov,http://becerra.house.gov/index.php?option=com_bca-rss-syndicator&feed_id=2,becerra.house.gov,16,CA,31,3.79,97.56
B000410,82,http://api.nytimes.com/svc/politics/v3/us/legislative/congress/members/B000410.json,Howard,L.,Berman,D,RepHowardBerman,,,,,,26,CA,28,4.91,97.25
B000420,1462,http://api.nytimes.com/svc/politics/v3/us/legislative/congress/members/B000420.json,Marion,,Berry,D,,,,,,,12,AR,1,2.99,94.78
B000461,87,http://api.nytimes.com/svc/politics/v3/us/legislative/congress/members/B000461.json,Brian,P.,Bilbray,R,BilbrayCA50,,,,,,4,CA,50,3.15,90.75
B000490,91,http://api.nytimes.com/svc/politics/v3/us/legislative/congress/members/B000490.json,Sanford,D.,"Bishop Jr.",D,SanfordBishop,sanfordbishop,366739521606,http://bishop.house.gov,http://bishop.house.gov/rss.xml,bishop.house.gov,16,GA,2,4.27,96.49
B000574,99,http://api.nytimes.com/svc/politics/v3/us/legislative/congress/members/B000574.json,Earl,,Blumenauer,D,blumenauermedia,,,http://blumenauer.house.gov,http://blumenauer.house.gov/index.php?option=com_bca-rss-syndicator&feed_id=1,blumenauer.house.gov,14,OR,3,2.83,95.01
B000575,1464,http://api.nytimes.com/svc/politics/v3/us/legislative/congress/members/B000575.json,Roy,,Blunt,R,RoyBlunt,SenatorBlunt,142473042477322,http://www.blunt.senate.gov/public/,http://www.blunt.senate.gov/public/?a=RSS.Feed,,12,MO,7,5.01,93.49
B000589,102,http://api.nytimes.com/svc/politics/v3/us/legislative/congress/members/B000589.json,John,A.,Boehner,R,SpeakerBoehner,,,http://johnboehner.house.gov,http://boehner.house.gov/News/Rss.aspx,johnboehner.house.gov,18,OH,8,5.44,92.67
B000652,1466,http://api.nytimes.com/svc/politics/v3/us/legislative/congress/members/B000652.json,Leonard,L.,Boswell,D,LeonardBoswell,,,,,,12,IA,3,5.01,95.51
B000657,113,http://api.nytimes.com/svc/politics/v3/us/legislative/congress/members/B000657.json,Rick,,Boucher,D,,,,,,,26,VA,9,6.77,95.88
B000716,1467,http://api.nytimes.com/svc/politics/v3/us/legislative/congress/members/B000716.json,Allen,,Boyd,D,,,,,,,12,FL,2,1.76,93.49
B000755,1468,http://api.nytimes.com/svc/politics/v3/us/legislative/congress/members/B000755.json,Kevin,,Brady,R,RepKevinBrady,kevinbrady,9307301412,http://kevinbrady.house.gov,http://kevinbrady.house.gov/common/rss/index.cfm?rss=49,kevinbrady.house.gov,12,TX,8,6.45,91.56
B000911,132,http://api.nytimes.com/svc/politics/v3/us/legislative/congress/members/B000911.json,Corrine,,Brown,D,RepCorrineBrown,congresswomanbrown,179120958813519,http://corrinebrown.house.gov,http://corrinebrown.house.gov/index.php?option=com_ninjarsssyndicator&feed_id=1&format=raw,corrinebrown.house.gov,16,FL,3,13.55,96.61
B001149,154,http://api.nytimes.com/svc/politics/v3/us/legislative/congress/members/B001149.json,Dan,,Burton,R,RepDanBurton,,,,,,26,IN,5,4.11,91.16
B001203,160,http://api.nytimes.com/svc/politics/v3/us/legislative/congress/members/B001203.json,Steve,,Buyer,R,,,,,,,16,IN,4,13.12,90.55
B001227,1469,http://api.nytimes.com/svc/politics/v3/us/legislative/congress/members/B001227.json,Robert,A.,Brady,D,RepBrady,RepRobertBrady,118845109487,http://www.brady.house.gov,http://brady.house.gov/rss.xml,www.brady.house.gov,12,PA,1,9.44,97.70
B001228,1465,http://api.nytimes.com/svc/politics/v3/us/legislative/congress/members/B001228.json,Mary,,"Bono Mack",R,Rep_BonoMack,,,,,,12,CA,45,5.33,90.20
B001229,1557,http://api.nytimes.com/svc/politics/v3/us/legislative/congress/members/B001229.json,Brian,,Baird,D,,,,,,,10,WA,3,5.49,94.47
B001230,1558,http://api.nytimes.com/svc/politics/v3/us/legislative/congress/members/B001230.json,Tammy,,Baldwin,D,SenatorBaldwin,TammyBaldwin,7357041101,http://www.baldwin.senate.gov,,baldwin.senate.gov,10,WI,2,0.96,96.50
B001231,1576,http://api.nytimes.com/svc/politics/v3/us/legislative/congress/members/B001231.json,Shelley,,Berkley,D,repberkley,,,,,,10,NV,1,3.89,95.95
B001232,1577,http://api.nytimes.com/svc/politics/v3/us/legislative/congress/members/B001232.json,Judy,,Biggert,R,JudyBiggert,,,,,,10,IL,13,0.69,87.33
B001234,1614,http://api.nytimes.com/svc/politics/v3/us/legislative/congress/members/B001234.json,Joe,,Baca,D,,,,,,,10,CA,43,3.09,97.25
B001235,1669,http://api.nytimes.com/svc/politics/v3/us/legislative/congress/members/B001235.json,Henry,E.,"Brown Jr.",R,,,,,,,8,SC,1,2.83,91.88
B001236,1687,http://api.nytimes.com/svc/politics/v3/us/legislative/congress/members/B001236.json,John,,Boozman,R,JohnBoozman,JohnBoozman,7686715735,http://www.boozman.senate.gov/public/,http://www.boozman.senate.gov/public/index.cfm/rss/feed,,8,AR,3,1.07,93.53
B001239,1745,http://api.nytimes.com/svc/politics/v3/us/legislative/congress/members/B001239.json,J.,Gresham,Barrett,R,greshambarrett,,,,,,6,SC,3,2.08,89.43
B001242,1740,http://api.nytimes.com/svc/politics/v3/us/legislative/congress/members/B001242.json,Timothy,H.,Bishop,D,timbishopny,RepTimBishop,7940339401,http://timbishop.house.gov,http://timbishop.house.gov/rss/latest-news.xml,timbishop.house.gov,6,NY,1,1.87,97.99
B001243,1748,http://api.nytimes.com/svc/politics/v3/us/legislative/congress/members/B001243.json,Marsha,,Blackburn,R,MarshaBlackburn,marshablackburn,6470828395,http://blackburn.house.gov,http://blackburn.house.gov/news/rss.aspx,blackburn.house.gov,6,TN,7,3.25,90.96
B001244,1703,http://api.nytimes.com/svc/politics/v3/us/legislative/congress/members/B001244.json,Jo,,Bonner,R,repjobonner,jobonner,49704847429,http://bonner.house.gov,http://bonner.house.gov/index.php?option=com_bca-rss-syndicator&feed_id=1,bonner.house.gov,6,AL,1,5.92,93.31
B001245,1723,http://api.nytimes.com/svc/politics/v3/us/legislative/congress/members/B001245.json,Madeleine,Z.,Bordallo,D,CandiceMiller,madeleine.bordallo,161729837225622,http://bordallo.house.gov/,http://bordallo.house.gov/rss.xml,bordallo.house.gov,6,GU,79,25.48,91.45
B001247,1713,http://api.nytimes.com/svc/politics/v3/us/legislative/congress/members/B001247.json,Ginny,,Brown-Waite,R,,,,,,,6,FL,5,9.60,88.38
B001248,1751,http://api.nytimes.com/svc/politics/v3/us/legislative/congress/members/B001248.json,Michael,C.,Burgess,R,michaelcburgess,michaelcburgess,6916472567,http://burgess.house.gov,http://burgess.house.gov/news/rss.aspx,burgess.house.gov,6,TX,26,4.48,90.28
B001250,1753,http://api.nytimes.com/svc/politics/v3/us/legislative/congress/members/B001250.json,Rob,,Bishop,R,RepRobBishop,RepRobBishop,,http://robbishop.house.gov,http://robbishop.house.gov/news/rss.aspx,robbishop.house.gov,6,UT,1,9.92,91.89
B001251,1761,http://api.nytimes.com/svc/politics/v3/us/legislative/congress/members/B001251.json,G.,K.,Butterfield,D,gkbutterfield,congressmangkbutterfield,274687979233940,http://butterfield.house.gov/,http://butterfield.house.gov/rss/press-releases.xml,butterfield.house.gov,6,NC,1,5.55,96.61
B001252,1780,http://api.nytimes.com/svc/politics/v3/us/legislative/congress/members/B001252.json,John,,Barrow,D,repjohnbarrow,CongressmanJohnBarrow,285483767395,http://barrow.house.gov,http://barrow.house.gov/index.php?option=com_ninjarsssyndicator&feed_id=1&format=raw,barrow.house.gov,4,GA,12,1.39,83.34
B001253,1782,http://api.nytimes.com/svc/politics/v3/us/legislative/congress/members/B001253.json,Melissa,,Bean,D,,,,,,,4,IL,8,4.37,89.57
B001254,1796,http://api.nytimes.com/svc/politics/v3/us/legislative/congress/members/B001254.json,Dan,,Boren,D,,,,,,,4,OK,2,3.84,89.07
B001255,1787,http://api.nytimes.com/svc/politics/v3/us/legislative/congress/members/B001255.json,Charles,,"Boustany Jr.",R,RepBoustany,RepBoustany,197407646951718,http://boustany.house.gov/,http://boustany.house.gov/common/rss/index.cfm?rss=82,boustany.house.gov,4,LA,7,1.81,90.77
B001256,1858,http://api.nytimes.com/svc/politics/v3/us/legislative/congress/members/B001256.json,Michele,,Bachmann,R,MicheleBachmann,RepMicheleBachmann,7658849357,http://bachmann.house.gov,http://bachmann.house.gov/rss.xml,bachmann.house.gov,2,MN,6,1.76,91.53
B001257,1838,http://api.nytimes.com/svc/politics/v3/us/legislative/congress/members/B001257.json,Gus,,Bilirakis,R,RepGusBilirakis,GusBilirakis,135445766485586,http://bilirakis.house.gov,http://bilirakis.house.gov/index.php?option=com_ninjarsssyndicator&feed_id=1&format=raw,bilirakis.house.gov,4,FL,9,0.96,91.44
B001258,1852,http://api.nytimes.com/svc/politics/v3/us/legislative/congress/members/B001258.json,Nancy,E.,Boyda,D,,,,,,,2,KS,2,1.81,92.12
B001259,1845,http://api.nytimes.com/svc/politics/v3/us/legislative/congress/members/B001259.json,Bruce,,Braley,D,brucebraley,repbrucebraley,178887452188843,http://braley.house.gov,http://braley.house.gov/rss.xml,braley.house.gov,2,IA,1,4.85,96.41
B001260,1840,http://api.nytimes.com/svc/politics/v3/us/legislative/congress/members/B001260.json,Vern,,Buchanan,R,VernBuchanan,CongressmanBuchanan,67106719910,http://buchanan.house.gov,,buchanan.house.gov,2,FL,13,1.23,89.15
B001262,1882,http://api.nytimes.com/svc/politics/v3/us/legislative/congress/members/B001262.json,Paul,,Broun,R,RepPaulBrounMD,RepPaulBroun,123908980957273,http://broun.house.gov,http://broun.house.gov/news/rss.aspx,broun.house.gov,2,GA,10,2.52,87.69
C000059,165,http://api.nytimes.com/svc/politics/v3/us/legislative/congress/members/C000059.json,Ken,,Calvert,R,KenCalvert,70063393423,,http://calvert.house.gov,http://calvert.house.gov/news/rss.aspx,calvert.house.gov,16,CA,44,4.48,92.74
C000071,166,http://api.nytimes.com/svc/politics/v3/us/legislative/congress/members/C000071.json,Dave,,Camp,R,RepDaveCamp,repdavecamp,6775033524,http://camp.house.gov,http://camp.house.gov/News/Rss.aspx,camp.house.gov,18,MI,4,1.76,93.97
C000116,1470,http://api.nytimes.com/svc/politics/v3/us/legislative/congress/members/C000116.json,Christopher,B.,Cannon,R,,,,,,,12,UT,3,9.23,87.96
C000191,1473,http://api.nytimes.com/svc/politics/v3/us/legislative/congress/members/C000191.json,Julia,M.,Carson,D,,,,,,,12,IN,7,30.90,96.26
C000243,183,http://api.nytimes.com/svc/politics/v3/us/legislative/congress/members/C000243.json,Michael,N.,Castle,R,repmikecastle,,,,,,16,DE,1,0.43,80.08
C000266,186,http://api.nytimes.com/svc/politics/v3/us/legislative/congress/members/C000266.json,Steven,J.,Chabot,R,RepSteveChabot,RepSteveChabot,204705339555378,http://chabot.house.gov,http://chabot.house.gov/common/rss/index.cfm?rss=49,chabot.house.gov,14,OH,1,0.75,90.11
C000380,1474,http://api.nytimes.com/svc/politics/v3/us/legislative/congress/members/C000380.json,Donna,M.C.,Christensen,D,DelegateDonna,138013351189,138013351189,http://donnachristensen.house.gov,http://donnachristensen.house.gov/rss.xml,donnachristensen.house.gov,12,VI,79,12.10,94.44
C000537,208,http://api.nytimes.com/svc/politics/v3/us/legislative/congress/members/C000537.json,James,E.,Clyburn,D,clyburn,jameseclyburn,127744320598870,http://clyburn.house.gov,http://clyburn.house.gov/rss.xml,clyburn.house.gov,16,SC,6,1.76,96.80
C000556,211,http://api.nytimes.com/svc/politics/v3/us/legislative/congress/members/C000556.json,Howard,,Coble,R,HowardCoble,HowardCoble6,208742429162356,http://coble.house.gov/,http://coble.house.gov/News/Rss.aspx,coble.house.gov,24,NC,6,4.43,90.01
C000714,229,http://api.nytimes.com/svc/politics/v3/us/legislative/congress/members/C000714.json,John,,"Conyers Jr.",D,repjohnconyers,CongressmanConyers,206947066849,http://conyers.house.gov/,http://conyers.house.gov/index.cfm/rss/feed,conyers.house.gov,44,MI,14,7.25,95.97
C000754,231,http://api.nytimes.com/svc/politics/v3/us/legislative/congress/members/C000754.json,Jim,,Cooper,D,repjimcooper,JimCooper,,http://www.cooper.house.gov,http://www.cooper.house.gov/index.php?option=com_content&view=category&layout=blog&id=38&format=feed&type=rss,www.cooper.house.gov,6,TN,5,2.99,89.77
C000794,238,http://api.nytimes.com/svc/politics/v3/us/legislative/congress/members/C000794.json,Jerry,F.,Costello,D,jerrycostello,,,,,,22,IL,12,4.53,94.36
C000868,247,http://api.nytimes.com/svc/politics/v3/us/legislative/congress/members/C000868.json,Robert,E.,Cramer,D,,,,,,,18,AL,5,6.51,93.33
C000962,254,http://api.nytimes.com/svc/politics/v3/us/legislative/congress/members/C000962.json,Barbara,L.,Cubin,R,,,,,,,14,WY,1,49.07,90.05
C000984,256,http://api.nytimes.com/svc/politics/v3/us/legislative/congress/members/C000984.json,Elijah,E.,Cummings,D,ElijahECummings,elijahcummings,291368465380,http://cummings.house.gov/,http://cummings.house.gov/rss.xml,cummings.house.gov,14,MD,7,3.68,97.90
C001036,1471,http://api.nytimes.com/svc/politics/v3/us/legislative/congress/members/C001036.json,Lois,,Capps,D,RepLoisCapps,loiscapps,168989481141,http://capps.house.gov,http://capps.house.gov/rss.xml,capps.house.gov,12,CA,23,1.01,97.41
C001037,1564,http://api.nytimes.com/svc/politics/v3/us/legislative/congress/members/C001037.json,Michael,E.,Capuano,D,,RepMichaelCapuano,151168844937573,http://www.house.gov/capuano,,www.house.gov/capuano/,10,MA,8,2.45,95.79
C001038,1604,http://api.nytimes.com/svc/politics/v3/us/legislative/congress/members/C001038.json,Joseph,,Crowley,D,repjoecrowley,repjoecrowley,176197712425090,http://crowley.house.gov,http://crowley.house.gov/rss.xml,crowley.house.gov,10,NY,7,1.81,96.85
C001045,1643,http://api.nytimes.com/svc/politics/v3/us/legislative/congress/members/C001045.json,Ander,,Crenshaw,R,AnderCrenshaw,200388204657,200388204657,http://crenshaw.house.gov,,crenshaw.house.gov,8,FL,4,8.32,93.37
C001046,1674,http://api.nytimes.com/svc/politics/v3/us/legislative/congress/members/C001046.json,Eric,,Cantor,R,gopleader,,,http://cantor.house.gov,http://cantor.house.gov/rss.xml,cantor.house.gov,8,VA,7,5.12,91.29
C001047,1676,http://api.nytimes.com/svc/politics/v3/us/legislative/congress/members/C001047.json,Shelley,Moore,Capito,R,RepShelley,8057864757,8057864757,http://capito.house.gov,http://capito.house.gov/common/rss//index.cfm?rss=85,capito.house.gov,8,WV,2,1.33,86.27
C001048,1670,http://api.nytimes.com/svc/politics/v3/us/legislative/congress/members/C001048.json,John,,Culberson,R,congculberson,CongressmanCulberson,1751723339,http://culberson.house.gov,http://culberson.house.gov/feed/rss/,culberson.house.gov,8,TX,7,7.57,91.29
C001049,1654,http://api.nytimes.com/svc/politics/v3/us/legislative/congress/members/C001049.json,William,Lacy,Clay,D,,109135405838588,109135405838588,http://lacyclay.house.gov/,http://lacyclay.house.gov/rss/press-releases.xml,lacyclay.house.gov,8,MO,1,4.53,95.98
C001050,1709,http://api.nytimes.com/svc/politics/v3/us/legislative/congress/members/C001050.json,Dennis,,Cardoza,D,RepCardoza,,,,,,6,CA,18,4.11,96.16
C001051,1752,http://api.nytimes.com/svc/politics/v3/us/legislative/congress/members/C001051.json,John,,Carter,R,JudgeCarter,judgecarter,1287257083,http://carter.house.gov,http://carter.house.gov/common/rss/?rss=40,carter.house.gov,6,TX,31,5.33,91.32
C001053,1742,http://api.nytimes.com/svc/politics/v3/us/legislative/congress/members/C001053.json,Tom,,Cole,R,tomcoleok04,TomColeOK04,146497782066300,http://cole.house.gov,http://cole.house.gov/rss.xml,cole.house.gov,6,OK,4,3.20,93.22
C001058,1759,http://api.nytimes.com/svc/politics/v3/us/legislative/congress/members/C001058.json,Ben,,Chandler,D,,,,,,,6,KY,6,1.71,94.30
C001059,1774,http://api.nytimes.com/svc/politics/v3/us/legislative/congress/members/C001059.json,Jim,,Costa,D,repjimcosta,RepJimCosta,,http://costa.house.gov,http://costa.house.gov/index.php?format=feed&type=rss,costa.house.gov,4,CA,20,4.48,94.70
C001060,1789,http://api.nytimes.com/svc/politics/v3/us/legislative/congress/members/C001060.json,Russ,,Carnahan,D,RepCarnahan,,,,,,4,MO,3,2.61,97.37
C001061,1790,http://api.nytimes.com/svc/politics/v3/us/legislative/congress/members/C001061.json,Emanuel,,"Cleaver II",D,repcleaver,emanuelcleaverii,7954512692,http://cleaver.house.gov/,http://cleaver.house.gov/rss.xml,cleaver.house.gov,4,MO,5,2.83,97.09
C001062,1805,http://api.nytimes.com/svc/politics/v3/us/legislative/congress/members/C001062.json,K.,Michael,Conaway,R,ConawayTX11,mike.conaway,203482063021985,http://conaway.house.gov,,conaway.house.gov,4,TX,11,4.53,90.17
C001063,1807,http://api.nytimes.com/svc/politics/v3/us/legislative/congress/members/C001063.json,Henry,,Cuellar,D,RepCuellar,152569121550,152569121550,http://cuellar.house.gov,http://cuellar.house.gov/news/rss.aspx,cuellar.house.gov,4,TX,28,2.03,92.65
C001064,1816,http://api.nytimes.com/svc/politics/v3/us/legislative/congress/members/C001064.json,John,,Campbell,R,RepJohnCampbell,JohnCampbell,60546090739,http://www.campbell.house.gov,http://www.campbell.house.gov/index.php?format=feed&type=rss,www.campbell.house.gov,4,CA,48,7.09,86.91
C001065,1876,http://api.nytimes.com/svc/politics/v3/us/legislative/congress/members/C001065.json,Christopher,,Carney,D,,,,,,,2,PA,10,3.36,87.47
C001066,1839,http://api.nytimes.com/svc/politics/v3/us/legislative/congress/members/C001066.json,Kathy,,Castor,D,,,,http://castor.house.gov,http://castor.house.gov/News/Rss.aspx,castor.house.gov,2,FL,11,4.05,97.00
C001067,1864,http://api.nytimes.com/svc/politics/v3/us/legislative/congress/members/C001067.json,Yvette,D.,Clarke,D,YvetteClarke,repyvettedclarke,135031389892682,http://clarke.house.gov,http://clarke.house.gov/news/rss.aspx,clarke.house.gov,2,NY,11,9.23,96.30
C001068,1878,http://api.nytimes.com/svc/politics/v3/us/legislative/congress/members/C001068.json,Steve,,Cohen,D,repcohen,CongressmanSteveCohen,111456965545421,http://cohen.house.gov,http://cohen.house.gov/rss.xml,cohen.house.gov,2,TN,9,1.39,96.65
C001069,1836,http://api.nytimes.com/svc/politics/v3/us/legislative/congress/members/C001069.json,Joe,,Courtney,D,repjoecourtney,joecourtney,330408799230,http://courtney.house.gov,http://courtney.house.gov/index.php?format=feed&type=rss,courtney.house.gov,2,CT,2,0.59,97.32
C001072,1889,http://api.nytimes.com/svc/politics/v3/us/legislative/congress/members/C001072.json,André,,Carson,D,RepAndreCarson,CongressmanAndreCarson,123884330964019,http://carson.house.gov,http://carson.house.gov/index.php?option=com_bca-rss-syndicator&feed_id=1,carson.house.gov,2,IN,7,5.44,98.46
C001073,1891,http://api.nytimes.com/svc/politics/v3/us/legislative/congress/members/C001073.json,Donald,J.,"Cazayoux Jr.",D,,,,,,,2,LA,6,3.84,85.45
C001074,1893,http://api.nytimes.com/svc/politics/v3/us/legislative/congress/members/C001074.json,Travis,W.,Childers,D,,,,,,,2,MS,1,0.56,82.58
D000096,1477,http://api.nytimes.com/svc/politics/v3/us/legislative/congress/members/D000096.json,Danny,K.,Davis,D,,280757931935749,,http://www.davis.house.gov/,http://davis.house.gov/index2.php?option=ds-syndicate&version=1&feed_id=1,www.davis.house.gov,12,IL,7,5.12,96.74
D000136,274,http://api.nytimes.com/svc/politics/v3/us/legislative/congress/members/D000136.json,Thomas,M.,Davis,R,,,,,,,14,VA,11,6.75,84.56
D000168,277,http://api.nytimes.com/svc/politics/v3/us/legislative/congress/members/D000168.json,Nathan,,Deal,R,,,,,,,16,GA,9,4.69,89.54
D000191,279,http://api.nytimes.com/svc/politics/v3/us/legislative/congress/members/D000191.json,Peter,A.,DeFazio,D,RepPeterDeFazio,RepPeterDeFazio,94324364811,http://www.defazio.house.gov,http://www.defazio.house.gov/index.php?option=com_ninjarsssyndicator&feed_id=1&format=raw,www.defazio.house.gov,22,OR,4,2.72,93.97
D000197,1479,http://api.nytimes.com/svc/politics/v3/us/legislative/congress/members/D000197.json,Diana,,DeGette,D,RepDianaDeGette,DianaDeGette,110757973488,http://degette.house.gov/,http://degette.house.gov/index.php?option=com_content&view=category&id=76&Itemid=227&format=feed&type=rss,degette.house.gov,12,CO,1,5.17,97.69
D000210,1480,http://api.nytimes.com/svc/politics/v3/us/legislative/congress/members/D000210.json,Bill,,Delahunt,D,,,,,,,12,MA,10,7.89,96.53
D000216,281,http://api.nytimes.com/svc/politics/v3/us/legislative/congress/members/D000216.json,Rosa,,DeLauro,D,rosadelauro,CongresswomanRosaDeLauro,181302611907634,http://delauro.house.gov/,http://delauro.house.gov/index.php?option=com_ninjarsssyndicator&feed_id=1&format=raw,delauro.house.gov,18,CT,3,2.24,97.98
D000299,294,http://api.nytimes.com/svc/politics/v3/us/legislative/congress/members/D000299.json,Lincoln,,Diaz-Balart,R,,,,,,,16,FL,21,3.63,86.50
D000327,297,http://api.nytimes.com/svc/politics/v3/us/legislative/congress/members/D000327.json,Norman,D.,Dicks,D,RepNormDicks,,,,,,32,WA,6,5.17,97.08
D000355,299,http://api.nytimes.com/svc/politics/v3/us/legislative/congress/members/D000355.json,John,D.,Dingell,D,john_dingell,johndingell,87490183861,http://dingell.house.gov/,http://dingell.house.gov/rss.xml,dingell.house.gov,54,MI,15,4.64,96.31
D000399,303,http://api.nytimes.com/svc/politics/v3/us/legislative/congress/members/D000399.json,Lloyd,,Doggett,D,RepLloydDoggett,lloyddoggett,154050553704,http://doggett.house.gov,http://doggett.house.gov/index.php/component/ninjarsssyndicator/?feed_id=1&format=raw,doggett.house.gov,14,TX,25,3.79,96.67
D000429,307,http://api.nytimes.com/svc/politics/v3/us/legislative/congress/members/D000429.json,John,T.,Doolittle,R,,,,,,,18,CA,4,6.83,89.07
D000482,316,http://api.nytimes.com/svc/politics/v3/us/legislative/congress/members/D000482.json,Mike,,Doyle,D,USRepMikeDoyle,usrepmikedoyle,79663724861,http://doyle.house.gov,http://doyle.house.gov/rss.xml,doyle.house.gov,14,PA,14,8.00,97.10
D000492,317,http://api.nytimes.com/svc/politics/v3/us/legislative/congress/members/D000492.json,David,,Dreier,R,,,,,,,28,CA,26,2.45,92.45
D000533,322,http://api.nytimes.com/svc/politics/v3/us/legislative/congress/members/D000533.json,John,J.,"Duncan Jr.",R,,CongressmanDuncan,102385999834718,http://duncan.house.gov/,http://duncan.house.gov/rss.xml,duncan.house.gov,22,TN,2,0.69,86.41
D000597,1672,http://api.nytimes.com/svc/politics/v3/us/legislative/congress/members/D000597.json,"Jo Ann",S.,Davis,R,,,,,,,8,VA,1,85.87,93.28
D000598,1641,http://api.nytimes.com/svc/politics/v3/us/legislative/congress/members/D000598.json,Susan,A.,Davis,D,,RepSusanDavis,103767526332478,http://www.house.gov/susandavis,,house.gov/susandavis,8,CA,53,1.17,97.52
D000599,1747,http://api.nytimes.com/svc/politics/v3/us/legislative/congress/members/D000599.json,Lincoln,,Davis,D,,,,,,,6,TN,4,3.95,92.12
D000600,1717,http://api.nytimes.com/svc/politics/v3/us/legislative/congress/members/D000600.json,Mario,,Diaz-Balart,R,MarioDB,mdiazbalart,119538428117878,http://mariodiazbalart.house.gov,http://mariodiazbalart.house.gov/rss.xml,mariodiazbalart.house.gov,6,FL,25,2.67,87.18
D000602,1705,http://api.nytimes.com/svc/politics/v3/us/legislative/congress/members/D000602.json,Artur,,Davis,D,ArturDavis,,,,,,6,AL,7,1.71,96.15
D000603,1784,http://api.nytimes.com/svc/politics/v3/us/legislative/congress/members/D000603.json,Geoff,,Davis,R,RepGeoffDavis,,,,,,4,KY,4,4.32,92.47
D000604,1799,http://api.nytimes.com/svc/politics/v3/us/legislative/congress/members/D000604.json,Charlie,,Dent,R,,CongressmanDent,69862092533,http://dent.house.gov,http://dent.house.gov/?a=RSS.Feed,dent.house.gov,4,PA,15,0.27,83.69
D000605,1808,http://api.nytimes.com/svc/politics/v3/us/legislative/congress/members/D000605.json,Thelma,D.,Drake,R,,,,,,,4,VA,2,1.28,94.81
D000606,1877,http://api.nytimes.com/svc/politics/v3/us/legislative/congress/members/D000606.json,David,,Davis,R,,,,,,,2,TN,1,1.76,92.73
D000607,1850,http://api.nytimes.com/svc/politics/v3/us/legislative/congress/members/D000607.json,Joe,,Donnelly,D,SenDonnelly,senatordonnelly,168059529893610,http://www.donnelly.senate.gov,,www.donnelly.senate.gov,2,IN,2,0.37,85.76
E000063,335,http://api.nytimes.com/svc/politics/v3/us/legislative/congress/members/E000063.json,Chet,,Edwards,D,,,,,,,18,TX,17,4.21,95.21
E000092,339,http://api.nytimes.com/svc/politics/v3/us/legislative/congress/members/E000092.json,Vernon,J.,Ehlers,R,,,,,,,16,MI,3,2.40,83.77
E000172,1481,http://api.nytimes.com/svc/politics/v3/us/legislative/congress/members/E000172.json,"Jo Ann",,Emerson,R,,,,,,,14,MO,8,2.56,85.33
E000179,344,http://api.nytimes.com/svc/politics/v3/us/legislative/congress/members/E000179.json,Eliot,L.,Engel,D,RepEliotEngel,RepEliotLEngel,103355984852,http://engel.house.gov/,http://engel.house.gov/rss/latest-news1.xml,engel.house.gov,20,NY,17,13.17,97.48
E000187,347,http://api.nytimes.com/svc/politics/v3/us/legislative/congress/members/E000187.json,Phil,,English,R,,,,,,,14,PA,3,2.93,85.38
E000215,355,http://api.nytimes.com/svc/politics/v3/us/legislative/congress/members/E000215.json,Anna,G.,Eshoo,D,RepAnnaEshoo,RepAnnaEshoo,174979964227,http://eshoo.house.gov,http://eshoo.house.gov/index.php?format=feed&type=rss,eshoo.house.gov,16,CA,14,1.87,97.66
E000226,1482,http://api.nytimes.com/svc/politics/v3/us/legislative/congress/members/E000226.json,Bob,,Etheridge,D,,,,,,,12,NC,2,0.75,96.51
E000268,364,http://api.nytimes.com/svc/politics/v3/us/legislative/congress/members/E000268.json,Terry,,Everett,R,,,,,,,16,AL,2,7.84,91.44
E000287,1725,http://api.nytimes.com/svc/politics/v3/us/legislative/congress/members/E000287.json,Rahm,,Emanuel,D,,,,,,,6,IL,5,3.57,97.68
E000288,1857,http://api.nytimes.com/svc/politics/v3/us/legislative/congress/members/E000288.json,Keith,,Ellison,D,keithellison,Keith.Ellison,7997462059,http://ellison.house.gov,http://ellison.house.gov/index.php?format=feed&type=rss,ellison.house.gov,2,MN,5,4.48,95.87
E000289,1851,http://api.nytimes.com/svc/politics/v3/us/legislative/congress/members/E000289.json,Brad,,Ellsworth,D,,,,,,,2,IN,8,0.43,87.09
E000290,1894,http://api.nytimes.com/svc/politics/v3/us/legislative/congress/members/E000290.json,Donna,,Edwards,D,repdonnaedwards,107297211756,107297211756,http://donnaedwards.house.gov/,http://donnaedwards.house.gov/common/rss/?rss=24,donnaedwards.house.gov,2,MD,4,1.14,96.92
F000010,367,http://api.nytimes.com/svc/politics/v3/us/legislative/congress/members/F000010.json,Eni,"F. H.",Faleomavaega,D,,,,http://www.house.gov/faleomavaega,,house.gov/faleomavaega,20,AS,79,49.47,94.54
F000030,368,http://api.nytimes.com/svc/politics/v3/us/legislative/congress/members/F000030.json,Sam,,Farr,D,RepSamFarr,RepSamFarr,7018136294,http://www.farr.house.gov/,http://www.farr.house.gov/index.php/component/ninjarsssyndicator/?feed_id=1&format=raw,www.farr.house.gov,16,CA,17,2.45,97.10
F000043,371,http://api.nytimes.com/svc/politics/v3/us/legislative/congress/members/F000043.json,Chaka,,Fattah,D,chakafattah,repfattah,165961823475034,http://fattah.house.gov/,http://fattah.house.gov/common/rss//index.cfm?rss=34,fattah.house.gov,14,PA,2,10.29,97.50
F000116,381,http://api.nytimes.com/svc/politics/v3/us/legislative/congress/members/F000116.json,Bob,,Filner,D,CongBobFilner,,,,,,16,CA,51,3.31,95.09
F000339,407,http://api.nytimes.com/svc/politics/v3/us/legislative/congress/members/F000339.json,Barney,,Frank,D,,,,,,,28,MA,4,4.00,96.78
F000372,414,http://api.nytimes.com/svc/politics/v3/us/legislative/congress/members/F000372.json,Rodney,,Frelinghuysen,R,,,,http://frelinghuysen.house.gov,http://frelinghuysen.house.gov/rss/top-news.xml,frelinghuysen.house.gov,14,NJ,11,1.01,86.26
F000440,1484,http://api.nytimes.com/svc/politics/v3/us/legislative/congress/members/F000440.json,Vito,J.,Fossella,R,,,,,,,12,NY,13,8.11,87.46
F000443,1659,http://api.nytimes.com/svc/politics/v3/us/legislative/congress/members/F000443.json,Michael,,Ferguson,R,,,,,,,8,NJ,7,7.95,81.34
F000444,1633,http://api.nytimes.com/svc/politics/v3/us/legislative/congress/members/F000444.json,Jeff,,Flake,R,jeffflake,senatorjeffflake,,http://www.flake.senate.gov,,flake.senate.gov,8,AZ,6,3.04,82.07
F000445,1683,http://api.nytimes.com/svc/politics/v3/us/legislative/congress/members/F000445.json,J.,Randy,Forbes,R,Randy_Forbes,randyforbes,356330225020,http://forbes.house.gov/,http://forbes.house.gov/news/rss.aspx,www.house.gov,8,VA,4,4.64,93.74
F000447,1716,http://api.nytimes.com/svc/politics/v3/us/legislative/congress/members/F000447.json,Tom,C.,Feeney,R,,,,,,,6,FL,24,7.63,90.18
F000448,1707,http://api.nytimes.com/svc/politics/v3/us/legislative/congress/members/F000448.json,Trent,,Franks,R,RepTrentFranks,TrentFranks,209486545087,http://franks.house.gov/,http://franks.house.gov/rss.xml,franks.house.gov,6,AZ,2,1.44,88.31
F000449,1793,http://api.nytimes.com/svc/politics/v3/us/legislative/congress/members/F000449.json,Jeff,,Fortenberry,R,JeffFortenberry,jefffortenberry,48426842354,http://fortenberry.house.gov,http://fortenberry.house.gov/index.php?option=com_ninjarsssyndicator&feed_id=1&format=raw,fortenberry.house.gov,4,NE,1,3.36,86.37
F000450,1791,http://api.nytimes.com/svc/politics/v3/us/legislative/congress/members/F000450.json,Virginia,,Foxx,R,virginiafoxx,RepVirginiaFoxx,,http://foxx.house.gov,http://foxx.house.gov/common/rss/?rss=55,foxx.house.gov,2,NC,5,0.16,89.21
F000452,1800,http://api.nytimes.com/svc/politics/v3/us/legislative/congress/members/F000452.json,Luis,G.,Fortuno,R,,,,,,,2,PR,80,35.24,76.07
F000453,1872,http://api.nytimes.com/svc/politics/v3/us/legislative/congress/members/F000453.json,Mary,,Fallin,R,RepMaryFallin,,,,,,2,OK,5,1.17,94.60
F000454,1888,http://api.nytimes.com/svc/politics/v3/us/legislative/congress/members/F000454.json,Bill,,Foster,D,RepBillFoster,CongressmanBillFoster,102918290599,http://foster.house.gov,http://foster.house.gov/rss.xml,foster.house.gov,2,IL,14,1.05,94.54
F000455,1895,http://api.nytimes.com/svc/politics/v3/us/legislative/congress/members/F000455.json,Marcia,L.,Fudge,D,RepMarciaFudge,RepMarciaLFudge,279006440801,http://fudge.house.gov,http://fudge.house.gov/common/rss//index.cfm?rss=25,fudge.house.gov,2,OH,11,0.00,100.00
G000021,425,http://api.nytimes.com/svc/politics/v3/us/legislative/congress/members/G000021.json,Elton,,Gallegly,R,eltongallegly24,,,,,,22,CA,24,5.07,93.37
G000180,438,http://api.nytimes.com/svc/politics/v3/us/legislative/congress/members/G000180.json,Wayne,T.,Gilchrest,R,,,,,,,18,MD,1,13.71,73.36
G000210,439,http://api.nytimes.com/svc/politics/v3/us/legislative/congress/members/G000210.json,Paul,E.,Gillmor,R,,,,,,,20,OH,5,1.41,82.92
G000280,1486,http://api.nytimes.com/svc/politics/v3/us/legislative/congress/members/G000280.json,Virgil,H.,Goode,R,,,,,,,12,VA,5,2.67,89.64
G000289,446,http://api.nytimes.com/svc/politics/v3/us/legislative/congress/members/G000289.json,Robert,W.,Goodlatte,R,RepGoodlatte,BobGoodlatte,6459789414,http://goodlatte.house.gov/,http://goodlatte.house.gov/press_releases.rss,goodlatte.house.gov,16,VA,6,0.53,92.49
G000309,448,http://api.nytimes.com/svc/politics/v3/us/legislative/congress/members/G000309.json,Bart,,Gordon,D,,,,,,,24,TN,6,4.75,92.50
G000377,1487,http://api.nytimes.com/svc/politics/v3/us/legislative/congress/members/G000377.json,Kay,,Granger,R,RepKayGranger,RepKayGranger,49640749719,http://kaygranger.house.gov,http://kaygranger.house.gov/rss.xml,kaygranger.house.gov,12,TX,12,6.45,93.27
G000410,462,http://api.nytimes.com/svc/politics/v3/us/legislative/congress/members/G000410.json,Gene,,Green,D,RepGeneGreen,RepGeneGreen,128735131872,http://green.house.gov,http://green.house.gov/rss.xml,green.house.gov,16,TX,29,3.73,94.46
G000535,478,http://api.nytimes.com/svc/politics/v3/us/legislative/congress/members/G000535.json,Luis,V.,Gutierrez,D,LuisGutierrez,RepGutierrez,91052833204,http://gutierrez.house.gov,http://gutierrez.house.gov/rss.xml,gutierrez.house.gov,16,IL,4,14.88,96.30
G000544,1555,http://api.nytimes.com/svc/politics/v3/us/legislative/congress/members/G000544.json,Charlie,,Gonzalez,D,TX20CharlieG,,,,,,10,TX,20,2.67,96.55
G000546,1656,http://api.nytimes.com/svc/politics/v3/us/legislative/congress/members/G000546.json,Sam,,Graves,R,,118514606128,118514606128,http://graves.house.gov,http://graves.house.gov/common/rss/index.cfm?rss=25,graves.house.gov,8,MO,6,4.16,90.54
G000548,1737,http://api.nytimes.com/svc/politics/v3/us/legislative/congress/members/G000548.json,Scott,,Garrett,R,repgarrett,repscottgarrett,6756553401,http://garrett.house.gov,http://garrett.house.gov/rss.xml,garrett.house.gov,6,NJ,5,1.60,89.11
G000549,1743,http://api.nytimes.com/svc/politics/v3/us/legislative/congress/members/G000549.json,Jim,,Gerlach,R,JimGerlach,RepJimGerlach,123113211050305,http://gerlach.house.gov,http://gerlach.house.gov/news/rss.aspx,gerlach.house.gov,6,PA,6,3.41,82.44
G000550,1720,http://api.nytimes.com/svc/politics/v3/us/legislative/congress/members/G000550.json,Phil,,Gingrey,R,RepPhilGingrey,RepPhilGingrey,6934467868,http://gingrey.house.gov/,http://gingrey.house.gov/news/rss.aspx,gingrey.house.gov,6,GA,11,2.99,89.99
G000551,1708,http://api.nytimes.com/svc/politics/v3/us/legislative/congress/members/G000551.json,Raúl,M.,Grijalva,D,repraulgrijalva,Rep.Grijalva,73539896233,http://grijalva.house.gov,http://grijalva.house.gov/common/rss/?rss=13,grijalva.house.gov,6,AZ,7,4.91,96.52
G000552,1801,http://api.nytimes.com/svc/politics/v3/us/legislative/congress/members/G000552.json,Louie,,Gohmert,R,replouiegohmert,50375006903,50375006903,http://gohmert.house.gov,http://gohmert.house.gov/news/rss.aspx,gohmert.house.gov,4,TX,1,6.08,89.84
G000553,1803,http://api.nytimes.com/svc/politics/v3/us/legislative/congress/members/G000553.json,Al,,Green,D,RepAlGreen,repalgreen,136237609724391,http://algreen.house.gov/,http://algreen.house.gov/rss.xml,algreen.house.gov,4,TX,9,2.03,97.50
G000554,1831,http://api.nytimes.com/svc/politics/v3/us/legislative/congress/members/G000554.json,Gabrielle,,Giffords,D,,,,,,,2,AZ,8,2.88,90.94
G000555,1866,http://api.nytimes.com/svc/politics/v3/us/legislative/congress/members/G000555.json,Kirsten,,Gillibrand,D,,,,http://www.gillibrand.senate.gov,http://www.gillibrand.senate.gov/rss/feeds/index.cfm,www.gillibrand.senate.gov,2,NY,20,5.92,93.03
H000067,484,http://api.nytimes.com/svc/politics/v3/us/legislative/congress/members/H000067.json,Ralph,M.,Hall,R,RalphHallPress,6311458773,6311458773,http://ralphhall.house.gov/,http://ralphhall.house.gov/common/rss/?rss=26,ralphhall.house.gov,28,TX,4,2.40,91.86
H000213,502,http://api.nytimes.com/svc/politics/v3/us/legislative/congress/members/H000213.json,Jane,,Harman,D,,,,,,,14,CA,36,6.56,95.89
H000323,510,http://api.nytimes.com/svc/politics/v3/us/legislative/congress/members/H000323.json,"J. Dennis",,Hastert,R,,,,,,,22,IL,14,26.20,88.77
H000324,511,http://api.nytimes.com/svc/politics/v3/us/legislative/congress/members/H000324.json,Alcee,L.,Hastings,D,,95696782238,95696782238,http://www.alceehastings.house.gov,http://alceehastings.house.gov/news/rss.aspx,www.alceehastings.house.gov,16,FL,23,6.08,96.88
H000329,512,http://api.nytimes.com/svc/politics/v3/us/legislative/congress/members/H000329.json,Doc,,Hastings,R,DocHastings,RepDocHastings,7507129675,http://hastings.house.gov,http://hastings.house.gov/news/rss.aspx,hastings.house.gov,14,WA,4,3.63,93.25
H000528,533,http://api.nytimes.com/svc/politics/v3/us/legislative/congress/members/H000528.json,Wally,,Herger,R,,,,,,,22,CA,2,4.53,91.90
H000627,541,http://api.nytimes.com/svc/politics/v3/us/legislative/congress/members/H000627.json,Maurice,D.,Hinchey,D,mauricehinchey,,,,,,16,NY,22,4.00,95.67
H000636,1490,http://api.nytimes.com/svc/politics/v3/us/legislative/congress/members/H000636.json,Rubén,,Hinojosa,D,USRepRHinojosa,CongressmanRubenHinojosa,402891225161,http://hinojosa.house.gov/,http://hinojosa.house.gov/rss.xml,hinojosa.house.gov,12,TX,15,11.79,96.92
H000666,545,http://api.nytimes.com/svc/politics/v3/us/legislative/congress/members/H000666.json,David,Lee,Hobson,R,,,,,,,18,OH,7,3.79,88.30
H000676,547,http://api.nytimes.com/svc/politics/v3/us/legislative/congress/members/H000676.json,Peter,,Hoekstra,R,petehoekstra,,,,,,16,MI,2,2.56,91.46
H000712,550,http://api.nytimes.com/svc/politics/v3/us/legislative/congress/members/H000712.json,Tim,,Holden,D,RepTimHolden,,,,,,16,PA,17,3.63,94.74
H000762,1491,http://api.nytimes.com/svc/politics/v3/us/legislative/congress/members/H000762.json,Darlene,,Hooley,D,,,,,,,12,OR,5,9.23,96.83
H000874,566,http://api.nytimes.com/svc/politics/v3/us/legislative/congress/members/H000874.json,Steny,H.,Hoyer,D,WhipHoyer,WhipHoyer,282861997886,http://hoyer.house.gov,http://hoyer.house.gov/index.php?format=feed&type=rss,hoyer.house.gov,28,MD,5,1.12,97.20
H000948,1492,http://api.nytimes.com/svc/politics/v3/us/legislative/congress/members/H000948.json,Kenny,C.,Hulshof,R,,,,,,,12,MO,9,18.08,91.21
H000981,575,http://api.nytimes.com/svc/politics/v3/us/legislative/congress/members/H000981.json,Duncan,L.,Hunter,R,,,,,,,28,CA,52,24.27,91.48
H001029,1600,http://api.nytimes.com/svc/politics/v3/us/legislative/congress/members/H001029.json,Robin,C.,Hayes,R,,,,,,,10,NC,8,4.05,89.88
H001030,1578,http://api.nytimes.com/svc/politics/v3/us/legislative/congress/members/H001030.json,Baron,P.,Hill,D,,,,,,,2,IN,9,2.13,85.99
H001032,1580,http://api.nytimes.com/svc/politics/v3/us/legislative/congress/members/H001032.json,Rush,,Holt,D,,,,http://holt.house.gov,http://holt.house.gov/index.php?option=com_bca-rss-syndicator&feed_id=1,holt.house.gov,10,NJ,12,1.49,96.21
H001034,1634,http://api.nytimes.com/svc/politics/v3/us/legislative/congress/members/H001034.json,Michael,M.,Honda,D,RepMikeHonda,RepMikeHonda,15675385380,http://honda.house.gov/,http://honda.house.gov/index.php?option=com_bca-rss-syndicator&feed_id=1,honda.house.gov,8,CA,15,6.45,96.41
H001036,1749,http://api.nytimes.com/svc/politics/v3/us/legislative/congress/members/H001036.json,Jeb,,Hensarling,R,RepHensarling,RepHensarling,7875604788,http://hensarling.house.gov/,http://hensarling.house.gov/atom.xml,hensarling.house.gov,6,TX,5,1.71,88.55
H001037,1760,http://api.nytimes.com/svc/politics/v3/us/legislative/congress/members/H001037.json,Stephanie,,"Herseth Sandlin",D,,,,,,,6,SD,1,1.12,92.61
H001038,1794,http://api.nytimes.com/svc/politics/v3/us/legislative/congress/members/H001038.json,Brian,,Higgins,D,RepBrianHiggins,RepBrianHiggins,88144056440,http://higgins.house.gov/,http://higgins.house.gov/rss.xml,higgins.house.gov,2,NY,27,7.15,97.42
H001039,1865,http://api.nytimes.com/svc/politics/v3/us/legislative/congress/members/H001039.json,John,,Hall,D,,,,,,,2,NY,19,1.12,96.55
H001040,1849,http://api.nytimes.com/svc/politics/v3/us/legislative/congress/members/H001040.json,Phil,,Hare,D,,,,,,,2,IL,17,1.55,97.07
H001041,1863,http://api.nytimes.com/svc/politics/v3/us/legislative/congress/members/H001041.json,Dean,,Heller,R,SenDeanHeller,SenDeanHeller,325751330177,http://www.heller.senate.gov,http://heller.senate.gov/public/index.cfm/rss/feed,www.heller.senate.gov,2,NV,2,1.60,90.68
H001042,1844,http://api.nytimes.com/svc/politics/v3/us/legislative/congress/members/H001042.json,Mazie,K.,Hirono,D,maziehirono,,,http://www.hirono.senate.gov,,hirono.senate.gov,2,HI,2,1.44,97.02
H001043,1862,http://api.nytimes.com/svc/politics/v3/us/legislative/congress/members/H001043.json,Paul,W.,Hodes,D,PaulHodes,,,,,,2,NH,2,1.55,96.91
I000023,582,http://api.nytimes.com/svc/politics/v3/us/legislative/congress/members/I000023.json,Bob,,Inglis,R,bobinglis,,,,,,10,SC,4,1.07,89.22
I000026,584,http://api.nytimes.com/svc/politics/v3/us/legislative/congress/members/I000026.json,Jay,,Inslee,D,JayInslee,,,,,,10,WA,1,2.45,96.88
I000056,1640,http://api.nytimes.com/svc/politics/v3/us/legislative/congress/members/I000056.json,Darrell,,Issa,R,DarrellIssa,darrellissa,19463427992,http://issa.house.gov/,http://issa.house.gov/feed/,issa.house.gov,8,CA,49,4.21,91.87
I000057,1663,http://api.nytimes.com/svc/politics/v3/us/legislative/congress/members/I000057.json,Steve,,Israel,D,RepSteveIsrael,RepSteveIsrael,,http://israel.house.gov,http://israel.house.gov/index.php?option=com_bca-rss-syndicator&feed_id=1&Itemid=10,israel.house.gov,8,NY,2,2.93,97.42
J000032,588,http://api.nytimes.com/svc/politics/v3/us/legislative/congress/members/J000032.json,Sheila,,Jackson-Lee,D,JacksonLeeTX18,169479190984,169479190984,http://jacksonlee.house.gov,http://jacksonlee.house.gov/news/rss.aspx,jacksonlee.house.gov,14,TX,18,5.23,96.40
J000070,592,http://api.nytimes.com/svc/politics/v3/us/legislative/congress/members/J000070.json,William,J.,Jefferson,D,,,,,,,18,LA,2,10.19,96.79
J000126,599,http://api.nytimes.com/svc/politics/v3/us/legislative/congress/members/J000126.json,Eddie,Bernice,Johnson,D,RepEBJ,CongresswomanEBJtx30,84096022067,http://ebjohnson.house.gov/,http://ebjohnson.house.gov/common/rss//index.cfm?rss=21,ebjohnson.house.gov,16,TX,30,13.76,96.23
J000174,603,http://api.nytimes.com/svc/politics/v3/us/legislative/congress/members/J000174.json,Sam,,Johnson,R,SamsPressShop,RepSamJohnson,52454091867,http://samjohnson.house.gov,http://samjohnson.house.gov/news/rss.aspx,samjohnson.house.gov,18,TX,3,10.67,90.51
J000255,612,http://api.nytimes.com/svc/politics/v3/us/legislative/congress/members/J000255.json,Walter,B.,Jones,R,RepWalterJones,15083070102,15083070102,http://jones.house.gov,http://jones.house.gov/rss.xml,jones.house.gov,14,NC,3,4.05,79.60
J000283,587,http://api.nytimes.com/svc/politics/v3/us/legislative/congress/members/J000283.json,Jesse,L.,"Jackson Jr.",D,RepJJJr,,,,,,14,IL,2,0.00,96.91
J000284,1581,http://api.nytimes.com/svc/politics/v3/us/legislative/congress/members/J000284.json,Stephanie,Tubbs,Jones,D,,,,,,,10,OH,11,13.98,96.02
J000285,1648,http://api.nytimes.com/svc/politics/v3/us/legislative/congress/members/J000285.json,Timothy,V.,Johnson,R,RepTimJohnson,,,,,,8,IL,15,9.65,77.15
J000287,1785,http://api.nytimes.com/svc/politics/v3/us/legislative/congress/members/J000287.json,Bobby,,Jindal,R,,,,,,,4,LA,1,33.56,81.47
J000288,1843,http://api.nytimes.com/svc/politics/v3/us/legislative/congress/members/J000288.json,Hank,,Johnson,D,RepHankJohnson,115356957005,115356957005,http://hankjohnson.house.gov,http://hankjohnson.house.gov/rss.xml,hankjohnson.house.gov,2,GA,4,3.79,97.12
J000289,1868,http://api.nytimes.com/svc/politics/v3/us/legislative/congress/members/J000289.json,Jim,,Jordan,R,Jim_Jordan,repjimjordan,35499336459,http://jordan.house.gov,http://jordan.house.gov/news/rss.aspx,jordan.house.gov,2,OH,4,1.17,89.85
K000008,615,http://api.nytimes.com/svc/politics/v3/us/legislative/congress/members/K000008.json,Paul,E.,Kanjorski,D,,,,,,,24,PA,11,4.48,95.09
K000009,616,http://api.nytimes.com/svc/politics/v3/us/legislative/congress/members/K000009.json,Marcy,,Kaptur,D,RepMarcyKaptur,RepresentativeMarcyKaptur,173753129419169,http://www.kaptur.house.gov,http://kaptur.house.gov/index.php?option=com_ninjarsssyndicator&feed_id=2&format=raw,www.kaptur.house.gov,26,OH,9,3.68,95.63
K000113,627,http://api.nytimes.com/svc/politics/v3/us/legislative/congress/members/K000113.json,Patrick,J.,Kennedy,D,,,,,,,14,RI,1,5.23,97.81
K000172,631,http://api.nytimes.com/svc/politics/v3/us/legislative/congress/members/K000172.json,Dale,E.,Kildee,D,dalekildee,,,,,,32,MI,5,0.05,97.17
K000180,1497,http://api.nytimes.com/svc/politics/v3/us/legislative/congress/members/K000180.json,Carolyn,Cheeks,Kilpatrick,D,RepKilpatrick,,,,,,12,MI,13,5.44,97.01
K000188,1498,http://api.nytimes.com/svc/politics/v3/us/legislative/congress/members/K000188.json,Ron,,Kind,D,repronkind,repronkind,89152017954,http://kind.house.gov,http://kind.house.gov/common/rss/?rss=52,kind.house.gov,12,WI,3,3.09,95.71
K000210,635,http://api.nytimes.com/svc/politics/v3/us/legislative/congress/members/K000210.json,Peter,T.,King,R,RepPeteKing,,,http://peteking.house.gov,http://www.house.gov/apps/list/hearing/ny02_king/RSS.xml,peteking.house.gov,16,NY,3,3.04,86.96
K000220,636,http://api.nytimes.com/svc/politics/v3/us/legislative/congress/members/K000220.json,Jack,,Kingston,R,JackKingston,JackKingston,6914617307,http://kingston.house.gov,http://kingston.house.gov/News/Rss.aspx,kingston.house.gov,16,GA,1,3.89,87.85
K000288,642,http://api.nytimes.com/svc/politics/v3/us/legislative/congress/members/K000288.json,Joseph,K.,Knollenberg,R,,,,,,,16,MI,9,2.72,90.41
K000336,1499,http://api.nytimes.com/svc/politics/v3/us/legislative/congress/members/K000336.json,Dennis,J.,Kucinich,D,RepKucinich,,,,,,12,OH,10,8.05,89.79
K000360,1647,http://api.nytimes.com/svc/politics/v3/us/legislative/congress/members/K000360.json,Mark,Steven,Kirk,R,senatorkirk,SenatorKirk,116381528428230,http://www.kirk.senate.gov/,http://www.kirk.senate.gov/rss/,,8,IL,10,3.31,80.03
K000361,1644,http://api.nytimes.com/svc/politics/v3/us/legislative/congress/members/K000361.json,Ric,,Keller,R,,,,,,,8,FL,8,4.11,91.32
K000362,1724,http://api.nytimes.com/svc/politics/v3/us/legislative/congress/members/K000362.json,Steve,,King,R,stevekingia,stevekingia,134325379926458,http://steveking.house.gov,http://steveking.house.gov/index.php?format=feed&type=rss,steveking.house.gov,6,IA,5,2.08,89.49
K000363,1733,http://api.nytimes.com/svc/politics/v3/us/legislative/congress/members/K000363.json,John,,Kline,R,repjohnkline,,,http://kline.house.gov,http://kline.house.gov/common/rss/?rss=47,kline.house.gov,6,MN,2,0.96,91.98
K000364,1795,http://api.nytimes.com/svc/politics/v3/us/legislative/congress/members/K000364.json,John,R.,Kuhl,R,,,,,,,2,NY,29,1.60,86.12
K000365,1880,http://api.nytimes.com/svc/politics/v3/us/legislative/congress/members/K000365.json,Steve,,Kagen,D,,,,,,,2,WI,8,2.13,96.08
K000366,1842,http://api.nytimes.com/svc/politics/v3/us/legislative/congress/members/K000366.json,Ron,,Klein,D,,,,,,,2,FL,22,2.13,96.13
L000043,1500,http://api.nytimes.com/svc/politics/v3/us/legislative/congress/members/L000043.json,Nicholas,V.,Lampson,D,,,,,,,2,TX,22,10.03,81.51
L000090,663,http://api.nytimes.com/svc/politics/v3/us/legislative/congress/members/L000090.json,Tom,,Lantos,D,,,,,,,28,CA,12,9.45,97.84
L000111,666,http://api.nytimes.com/svc/politics/v3/us/legislative/congress/members/L000111.json,Tom,,Latham,R,TomLatham,tom.latham.733,345331988887412,http://latham.house.gov/,http://latham.house.gov/news/rss.aspx,latham.house.gov,14,IA,4,0.85,90.32
L000263,683,http://api.nytimes.com/svc/politics/v3/us/legislative/congress/members/L000263.json,Sander,M.,Levin,D,repsandylevin,RepSandyLevin,223726364320243,http://levin.house.gov,http://levin.house.gov/rss.xml,levin.house.gov,26,MI,12,4.64,97.76
L000274,687,http://api.nytimes.com/svc/politics/v3/us/legislative/congress/members/L000274.json,Jerry,,Lewis,R,RepJerryLewis,,,,,,30,CA,41,3.36,88.91
L000287,688,http://api.nytimes.com/svc/politics/v3/us/legislative/congress/members/L000287.json,John,,Lewis,D,RepJohnLewis,RepJohnLewis,82737208404,http://johnlewis.house.gov/,http://johnlewis.house.gov/rss.xml,johnlewis.house.gov,22,GA,5,4.00,96.17
L000293,689,http://api.nytimes.com/svc/politics/v3/us/legislative/congress/members/L000293.json,Ron,,Lewis,R,,,,,,,16,KY,2,4.21,92.76
L000321,693,http://api.nytimes.com/svc/politics/v3/us/legislative/congress/members/L000321.json,John,,Linder,R,,,,,,,16,GA,7,4.53,89.55
L000397,701,http://api.nytimes.com/svc/politics/v3/us/legislative/congress/members/L000397.json,Zoe,,Lofgren,D,RepZoeLofgren,zoelofgren,221191600719,http://lofgren.house.gov/,http://lofgren.house.gov/index.php?format=feed&type=rss,lofgren.house.gov,14,CA,16,2.45,97.32
L000480,709,http://api.nytimes.com/svc/politics/v3/us/legislative/congress/members/L000480.json,Nita,M.,Lowey,D,NitaLowey,RepLowey,158290607551599,http://lowey.house.gov/,http://lowey.house.gov/common/rss/?rss=18,lowey.house.gov,20,NY,18,4.21,98.33
L000491,711,http://api.nytimes.com/svc/politics/v3/us/legislative/congress/members/L000491.json,Frank,D.,Lucas,R,,7872057395,7872057395,http://lucas.house.gov/,http://lucas.house.gov/rss.xml,lucas.house.gov,16,OK,3,5.44,92.95
L000517,717,http://api.nytimes.com/svc/politics/v3/us/legislative/congress/members/L000517.json,Dan,,Lungren,R,dan_lungren,,,,,,4,CA,3,2.45,90.92
L000551,1501,http://api.nytimes.com/svc/politics/v3/us/legislative/congress/members/L000551.json,Barbara,,Lee,D,repbarbaralee,RepBarbaraLee,92190287786,http://lee.house.gov,http://lee.house.gov/rss.xml,lee.house.gov,12,CA,9,3.15,94.93
L000552,659,http://api.nytimes.com/svc/politics/v3/us/legislative/congress/members/L000552.json,Ray,H.,LaHood,R,,,,,,,14,IL,18,16.37,82.91
L000553,667,http://api.nytimes.com/svc/politics/v3/us/legislative/congress/members/L000553.json,Steven,C.,LaTourette,R,SteveLaTourette,,,,,,14,OH,14,2.45,82.83
L000554,699,http://api.nytimes.com/svc/politics/v3/us/legislative/congress/members/L000554.json,Frank,A.,LoBiondo,R,RepLoBiondo,FrankLoBiondo,,http://lobiondo.house.gov/,http://lobiondo.house.gov/rss.xml,lobiondo.house.gov,14,NJ,2,0.53,78.50
L000557,1583,http://api.nytimes.com/svc/politics/v3/us/legislative/congress/members/L000557.json,John,B.,Larson,D,repjohnlarson,RepJohnLarson,6352928631,http://www.larson.house.gov,http://www.larson.house.gov/index.php?format=feed&type=rss,www.larson.house.gov,10,CT,1,5.65,97.91
L000559,1668,http://api.nytimes.com/svc/politics/v3/us/legislative/congress/members/L000559.json,Jim,,Langevin,D,jimlangevin,CongressmanJimLangevin,6578978441,http://langevin.house.gov/,http://langevin.house.gov/rss.xml,langevin.house.gov,8,RI,2,1.76,97.72
L000560,1675,http://api.nytimes.com/svc/politics/v3/us/legislative/congress/members/L000560.json,Rick,,Larsen,D,RepRickLarsen,RepRickLarsen,135654683137079,http://larsen.house.gov/,http://larsen.house.gov/rss.xml,larsen.house.gov,8,WA,2,1.49,96.64
L000562,1686,http://api.nytimes.com/svc/politics/v3/us/legislative/congress/members/L000562.json,Stephen,F.,Lynch,D,RepStephenLynch,repstephenlynch,133720816696865,http://lynch.house.gov,http://lynch.house.gov/rss.xml,lynch.house.gov,8,MA,9,2.40,96.61
L000563,1781,http://api.nytimes.com/svc/politics/v3/us/legislative/congress/members/L000563.json,Daniel,,Lipinski,D,replipinski,repdanlipinski,103286879730089,http://www.lipinski.house.gov,http://www.lipinski.house.gov/common/rss//index.cfm?rss=25,www.lipinski.house.gov,4,IL,3,2.67,95.18
L000564,1834,http://api.nytimes.com/svc/politics/v3/us/legislative/congress/members/L000564.json,Doug,,Lamborn,R,RepDLamborn,CongressmanDougLamborn,45059452286,http://lamborn.house.gov,http://lamborn.house.gov/common/rss/?rss=188,lamborn.house.gov,2,CO,5,0.96,89.34
L000565,1846,http://api.nytimes.com/svc/politics/v3/us/legislative/congress/members/L000565.json,Dave,,Loebsack,D,daveloebsack,DaveLoebsack,291731316748,http://loebsack.house.gov,http://loebsack.house.gov/news/rss.aspx,loebsack.house.gov,2,IA,2,2.77,96.65
L000566,1885,http://api.nytimes.com/svc/politics/v3/us/legislative/congress/members/L000566.json,Robert,E.,Latta,R,boblatta,boblatta,100000004848334,http://latta.house.gov,http://latta.house.gov/news/rss.aspx,latta.house.gov,2,OH,5,0.28,96.21
M000087,729,http://api.nytimes.com/svc/politics/v3/us/legislative/congress/members/M000087.json,Carolyn,B.,Maloney,D,RepMaloney,,,http://maloney.house.gov,http://maloney.house.gov/rss.xml,maloney.house.gov,16,NY,14,5.81,97.96
M000133,735,http://api.nytimes.com/svc/politics/v3/us/legislative/congress/members/M000133.json,Edward,J.,Markey,D,markeymemo,EdJMarkey,6846731378,http://markey.house.gov/,http://markey.house.gov/rss.xml,markey.house.gov,34,MA,7,2.03,97.28
M000309,1503,http://api.nytimes.com/svc/politics/v3/us/legislative/congress/members/M000309.json,Carolyn,,McCarthy,D,RepMcCarthyNY,,,http://carolynmccarthy.house.gov/,http://carolynmccarthy.house.gov/common/rss/?rss=155,carolynmccarthy.house.gov,12,NY,4,2.45,97.81
M000312,1504,http://api.nytimes.com/svc/politics/v3/us/legislative/congress/members/M000312.json,Jim,,McGovern,D,RepMcGovern,,,http://mcgovern.house.gov,http://mcgovern.house.gov/common/rss/?rss=15,mcgovern.house.gov,12,MA,3,1.33,97.14
M000388,763,http://api.nytimes.com/svc/politics/v3/us/legislative/congress/members/M000388.json,Jim,O.,McCrery,R,,,,,,,22,LA,4,8.43,92.02
M000404,766,http://api.nytimes.com/svc/politics/v3/us/legislative/congress/members/M000404.json,Jim,,McDermott,D,RepJimMcDermott,CongressmanJimMcDermott,246418928093,http://mcdermott.house.gov/,http://mcdermott.house.gov/index.php?format=feed&type=rss,mcdermott.house.gov,20,WA,7,3.68,94.68
M000472,773,http://api.nytimes.com/svc/politics/v3/us/legislative/congress/members/M000472.json,John,M.,McHugh,R,,,,,,,16,NY,23,1.49,82.57
M000485,1505,http://api.nytimes.com/svc/politics/v3/us/legislative/congress/members/M000485.json,Mike,,McIntyre,D,repmikemcintyre,mikemcintyre,340903514856,http://mcintyre.house.gov/,http://mcintyre.house.gov/index.php?format=feed&type=rss,mcintyre.house.gov,12,NC,7,0.48,91.21
M000508,778,http://api.nytimes.com/svc/politics/v3/us/legislative/congress/members/M000508.json,Howard,P.,McKeon,R,BuckMcKeon,BuckMcKeon,8138529578,http://mckeon.house.gov,http://mckeon.house.gov/news/rss.aspx,mckeon.house.gov,16,CA,25,3.04,93.34
M000590,785,http://api.nytimes.com/svc/politics/v3/us/legislative/congress/members/M000590.json,Michael,R.,McNulty,D,,,,,,,20,NY,21,4.91,97.25
M000627,788,http://api.nytimes.com/svc/politics/v3/us/legislative/congress/members/M000627.json,Martin,T.,Meehan,D,,,,,,,16,MA,5,8.91,96.38
M000689,800,http://api.nytimes.com/svc/politics/v3/us/legislative/congress/members/M000689.json,John,L.,Mica,R,,JohnMica,,http://mica.house.gov/,http://mica.house.gov/common/rss/index.cfm?rss=25,mica.house.gov,16,FL,7,0.69,92.27
M000714,805,http://api.nytimes.com/svc/politics/v3/us/legislative/congress/members/M000714.json,Juanita,,Millender-McDonald,D,,,,,,,14,CA,37,30.74,98.22
M000725,808,http://api.nytimes.com/svc/politics/v3/us/legislative/congress/members/M000725.json,George,,Miller,D,askgeorge,repgeorgemiller,75298637905,http://georgemiller.house.gov/,http://georgemiller.house.gov/rss.xml,georgemiller.house.gov,34,CA,7,7.95,96.81
M000844,824,http://api.nytimes.com/svc/politics/v3/us/legislative/congress/members/M000844.json,Alan,B.,Mollohan,D,,,,,,,26,WV,1,3.57,95.13
M000933,832,http://api.nytimes.com/svc/politics/v3/us/legislative/congress/members/M000933.json,James,P.,Moran,D,Jim_Moran,RepJimMoran,100123453059,http://moran.house.gov,http://moran.house.gov/rss.xml,moran.house.gov,18,VA,8,6.29,96.30
M000934,1507,http://api.nytimes.com/svc/politics/v3/us/legislative/congress/members/M000934.json,Jerry,,Moran,R,JerryMoran,jerrymoran,171578807105,http://www.moran.senate.gov/public/,,www.moran.senate.gov/public/,12,KS,1,2.99,89.28
M001120,844,http://api.nytimes.com/svc/politics/v3/us/legislative/congress/members/M001120.json,John,P.,Murtha,D,,,,,,,36,PA,12,6.13,95.91
M001134,849,http://api.nytimes.com/svc/politics/v3/us/legislative/congress/members/M001134.json,Sue,,Myrick,R,SueMyrick,,,,,,14,NC,9,6.51,91.79
M001137,1506,http://api.nytimes.com/svc/politics/v3/us/legislative/congress/members/M001137.json,Gregory,W.,Meeks,D,GregoryMeeks,gregory.meeks,1557025818,http://meeks.house.gov/,http://meeks.house.gov/rss.xml,meeks.house.gov,12,NY,6,6.45,97.04
M001138,733,http://api.nytimes.com/svc/politics/v3/us/legislative/congress/members/M001138.json,Donald,,Manzullo,R,donmanzullo,,,,,,16,IL,16,1.76,90.93
M001139,1584,http://api.nytimes.com/svc/politics/v3/us/legislative/congress/members/M001139.json,Gary,G.,Miller,R,repgarymiller,RepGaryMiller,105352226181045,http://garymiller.house.gov,http://garymiller.house.gov/news/rss.aspx,garymiller.house.gov,10,CA,42,8.37,92.26
M001140,1561,http://api.nytimes.com/svc/politics/v3/us/legislative/congress/members/M001140.json,Dennis,,Moore,D,,,,,,,10,KS,3,0.69,96.35
M001142,1671,http://api.nytimes.com/svc/politics/v3/us/legislative/congress/members/M001142.json,Jim,,Matheson,D,RepJimMatheson,RepJimMatheson,131888123517015,http://matheson.house.gov,http://matheson.house.gov/rss/news-releases.xml,matheson.house.gov,8,UT,2,1.60,87.10
M001143,1653,http://api.nytimes.com/svc/politics/v3/us/legislative/congress/members/M001143.json,Betty,,McCollum,D,BettyMcCollum04,repbettymccollum,153386471383393,http://mccollum.house.gov/,http://mccollum.house.gov/rss.xml,mccollum.house.gov,8,MN,4,1.76,97.61
M001144,1685,http://api.nytimes.com/svc/politics/v3/us/legislative/congress/members/M001144.json,Jeff,,Miller,R,,RepJeffMiller,66367876671,http://jeffmiller.house.gov/,http://jeffmiller.house.gov/news/rss.aspx,jeffmiller.house.gov,8,FL,1,4.59,90.11
M001146,1718,http://api.nytimes.com/svc/politics/v3/us/legislative/congress/members/M001146.json,Jim,,Marshall,D,,,,,,,6,GA,8,6.88,85.22
M001147,1732,http://api.nytimes.com/svc/politics/v3/us/legislative/congress/members/M001147.json,Thaddeus,,McCotter,R,ThadMcCotter,,,,,,6,MI,11,1.23,89.25
M001148,1715,http://api.nytimes.com/svc/politics/v3/us/legislative/congress/members/M001148.json,Kendrick,B.,Meek,D,kendrickbmeek,,,,,,6,FL,17,4.75,97.54
M001149,1730,http://api.nytimes.com/svc/politics/v3/us/legislative/congress/members/M001149.json,Michael,H.,Michaud,D,RepMikeMichaud,RepMikeMichaud,131279995382,http://michaud.house.gov,http://michaud.house.gov/rss.xml,michaud.house.gov,6,ME,2,1.07,95.09
M001150,1731,http://api.nytimes.com/svc/politics/v3/us/legislative/congress/members/M001150.json,Candice,S.,Miller,R,CandiceMiller,CongresswomanCandiceMiller,210401648605,http://candicemiller.house.gov,http://candicemiller.house.gov/rss.xml,candicemiller.house.gov,6,MI,10,0.59,87.98
M001151,1744,http://api.nytimes.com/svc/politics/v3/us/legislative/congress/members/M001151.json,Tim,,Murphy,R,RepTimMurphy,reptimmurphy,105769762798552,http://murphy.house.gov,http://murphy.house.gov/common/rss/?rss=44,murphy.house.gov,6,PA,18,2.24,83.20
M001152,1711,http://api.nytimes.com/svc/politics/v3/us/legislative/congress/members/M001152.json,Marilyn,N.,Musgrave,R,,,,,,,6,CO,4,3.89,92.12
M001154,1735,http://api.nytimes.com/svc/politics/v3/us/legislative/congress/members/M001154.json,Brad,,Miller,D,RepBradMiller,,,,,,6,NC,13,1.65,97.56
M001155,1776,http://api.nytimes.com/svc/politics/v3/us/legislative/congress/members/M001155.json,Connie,,Mack,R,RepConnieMack,,,,,,4,FL,14,5.01,90.34
M001156,1792,http://api.nytimes.com/svc/politics/v3/us/legislative/congress/members/M001156.json,Patrick,T.,McHenry,R,PatrickMcHenry,CongressmanMcHenry,8045519803,http://mchenry.house.gov/,http://mchenry.house.gov/News/Rss.aspx,mchenry.house.gov,4,NC,10,4.53,91.62
M001157,1804,http://api.nytimes.com/svc/politics/v3/us/legislative/congress/members/M001157.json,Michael,,McCaul,R,McCaulPressShop,michaeltmccaul,6355254859,http://mccaul.house.gov/,http://mccaul.house.gov/rss/press-releases.xml,mccaul.house.gov,4,TX,10,2.35,92.24
M001158,1806,http://api.nytimes.com/svc/politics/v3/us/legislative/congress/members/M001158.json,Kenny,,Marchant,R,RepKenMarchant,RepKennyMarchant,6349487899,http://marchant.house.gov/,http://marchant.house.gov/news/rss.aspx,marchant.house.gov,4,TX,24,9.07,90.15
M001159,1809,http://api.nytimes.com/svc/politics/v3/us/legislative/congress/members/M001159.json,Cathy,,"McMorris Rodgers",R,cathymcmorris,mcmorrisrodgers,321618789771,http://mcmorris.house.gov,http://mcmorris.house.gov/common/rss/?rss=96,mcmorris.house.gov,4,WA,5,56.77,93.90
M001160,1811,http://api.nytimes.com/svc/politics/v3/us/legislative/congress/members/M001160.json,Gwen,,Moore,D,RepGwenMoore,GwenSMoore,58864029545,http://gwenmoore.house.gov/,http://gwenmoore.house.gov/common/rss/index.cfm?rss=49,gwenmoore.house.gov,4,WI,4,2.99,95.88
M001161,1786,http://api.nytimes.com/svc/politics/v3/us/legislative/congress/members/M001161.json,Charlie,,Melancon,D,,,,,,,4,LA,3,3.25,91.46
M001163,1814,http://api.nytimes.com/svc/politics/v3/us/legislative/congress/members/M001163.json,Doris,,Matsui,D,DorisMatsui,doris.matsui,,http://matsui.house.gov,http://matsui.house.gov/index.php?format=feed&type=rss,matsui.house.gov,4,CA,5,0.75,97.80
M001164,1841,http://api.nytimes.com/svc/politics/v3/us/legislative/congress/members/M001164.json,Tim,,Mahoney,D,,,,,,,2,FL,16,2.19,91.55
M001165,1833,http://api.nytimes.com/svc/politics/v3/us/legislative/congress/members/M001165.json,Kevin,,McCarthy,R,GOPWhip,CongressmanKevinMcCarthy,51052893175,http://kevinmccarthy.house.gov,http://kevinmccarthy.house.gov/index.php?format=feed&type=rss,kevinmccarthy.house.gov,2,CA,22,1.17,94.12
M001166,1832,http://api.nytimes.com/svc/politics/v3/us/legislative/congress/members/M001166.json,Jerry,,McNerney,D,RepMcNerney,jerrymcnerney,215241308510238,http://mcnerney.house.gov,http://mcnerney.house.gov/index.php?format=feed&type=rss,mcnerney.house.gov,2,CA,11,1.23,93.52
M001167,1830,http://api.nytimes.com/svc/politics/v3/us/legislative/congress/members/M001167.json,Harry,E.,Mitchell,D,HarryEMitchell,,,,,,2,AZ,5,1.55,87.70
M001168,1875,http://api.nytimes.com/svc/politics/v3/us/legislative/congress/members/M001168.json,Patrick,J.,Murphy,D,,,,http://patrickmurphy.house.gov,http://patrickmurphy.house.gov/news/rss.aspx,patrickmurphy.house.gov,2,PA,8,1.33,92.27
M001169,1837,http://api.nytimes.com/svc/politics/v3/us/legislative/congress/members/M001169.json,Christopher,S.,Murphy,D,,,,http://www.murphy.senate.gov,,murphy.senate.gov,2,CT,5,1.12,96.66
N000002,850,http://api.nytimes.com/svc/politics/v3/us/legislative/congress/members/N000002.json,Jerrold,,Nadler,D,RepJerryNadler,CongressmanNadler,78291598977,http://nadler.house.gov/,http://nadler.house.gov/rss.xml,nadler.house.gov,18,NY,8,5.17,97.64
N000015,854,http://api.nytimes.com/svc/politics/v3/us/legislative/congress/members/N000015.json,Richard,E.,Neal,D,RepRichardNeal,325642654132598,325642654132598,http://neal.house.gov,http://neal.house.gov/index.php?format=feed&type=rss,neal.house.gov,20,MA,2,6.61,97.89
N000147,868,http://api.nytimes.com/svc/politics/v3/us/legislative/congress/members/N000147.json,Eleanor,Holmes,Norton,D,EleanorNorton,CongresswomanNorton,61731840657,http://www.norton.house.gov/,http://www.norton.house.gov/index.php?format=feed&type=rss,www.norton.house.gov,18,DC,79,10.40,94.55
N000159,869,http://api.nytimes.com/svc/politics/v3/us/legislative/congress/members/N000159.json,Charles,W.,Norwood,R,,,,,,,14,GA,10,90.82,77.78
N000179,1602,http://api.nytimes.com/svc/politics/v3/us/legislative/congress/members/N000179.json,Grace,F.,Napolitano,D,gracenapolitano,RepGraceNapolitano,163108420409412,http://napolitano.house.gov,http://napolitano.house.gov/rss.xml,napolitano.house.gov,10,CA,38,2.35,97.49
N000181,1710,http://api.nytimes.com/svc/politics/v3/us/legislative/congress/members/N000181.json,Devin,,Nunes,R,Rep_DevinNunes,,,http://nunes.house.gov,http://nunes.house.gov/news/rss.aspx,nunes.house.gov,6,CA,21,3.79,92.79
N000182,1758,http://api.nytimes.com/svc/politics/v3/us/legislative/congress/members/N000182.json,Randy,,Neugebauer,R,RandyNeugebauer,rep.randy.neugebauer,64137294987,http://randy.house.gov,http://randy.house.gov/rss.xml,randy.house.gov,6,TX,19,2.83,91.22
O000006,876,http://api.nytimes.com/svc/politics/v3/us/legislative/congress/members/O000006.json,James,L.,Oberstar,D,JimOberstar,,,,,,34,MN,8,11.09,96.46
O000007,877,http://api.nytimes.com/svc/politics/v3/us/legislative/congress/members/O000007.json,David,R.,Obey,D,,,,,,,40,WI,7,1.60,97.07
O000085,879,http://api.nytimes.com/svc/politics/v3/us/legislative/congress/members/O000085.json,John,W.,Olver,D,,,,,,,18,MA,1,1.65,96.75
O000107,880,http://api.nytimes.com/svc/politics/v3/us/legislative/congress/members/O000107.json,Solomon,P.,Ortiz,D,,,,,,,26,TX,27,14.51,96.26
P000034,887,http://api.nytimes.com/svc/politics/v3/us/legislative/congress/members/P000034.json,Frank,,Pallone,D,FrankPallone,repfrankpallone,6517277731,http://pallone.house.gov/,http://pallone.house.gov/rss.xml,pallone.house.gov,22,NJ,6,1.87,97.12
P000096,1510,http://api.nytimes.com/svc/politics/v3/us/legislative/congress/members/P000096.json,Bill,,"Pascrell Jr.",D,BillPascrell,pascrell,303312929155,http://pascrell.house.gov,http://www.house.gov/apps/list/press/nj08_pascrell/RSS.xml,pascrell.house.gov,12,NJ,8,3.36,96.80
P000099,893,http://api.nytimes.com/svc/politics/v3/us/legislative/congress/members/P000099.json,Ed,,Pastor,D,PastorForAZ,,,http://www.pastor.house.gov/,http://www.pastor.house.gov/index.php?format=feed&type=rss,www.pastor.house.gov,18,AZ,4,2.51,96.61
P000149,902,http://api.nytimes.com/svc/politics/v3/us/legislative/congress/members/P000149.json,Donald,M.,Payne,D,Payne10thNJ,,,http://payne.house.gov/,http://payne.house.gov/rss.xml,payne.house.gov,20,NJ,10,6.93,95.99
P000197,905,http://api.nytimes.com/svc/politics/v3/us/legislative/congress/members/P000197.json,Nancy,,Pelosi,D,NancyPelosi,NancyPelosi,86574174383,http://pelosi.house.gov,http://pelosi.house.gov/atom.xml,pelosi.house.gov,22,CA,8,90.40,96.11
P000258,910,http://api.nytimes.com/svc/politics/v3/us/legislative/congress/members/P000258.json,Collin,C.,Peterson,D,,,,http://collinpeterson.house.gov,http://collinpeterson.house.gov/rss.xml,collinpeterson.house.gov,18,MN,7,2.72,91.61
P000263,1512,http://api.nytimes.com/svc/politics/v3/us/legislative/congress/members/P000263.json,John,E.,Peterson,R,,,,,,,12,PA,5,18.67,91.08
P000265,912,http://api.nytimes.com/svc/politics/v3/us/legislative/congress/members/P000265.json,Tom,,Petri,R,,thomaspetri,,http://petri.house.gov,http://petri.house.gov/rss.xml,petri.house.gov,30,WI,6,0.37,87.42
P000323,1513,http://api.nytimes.com/svc/politics/v3/us/legislative/congress/members/P000323.json,Charles,W.,Pickering,R,,,,,,,12,MS,3,13.55,91.12
P000373,1514,http://api.nytimes.com/svc/politics/v3/us/legislative/congress/members/P000373.json,Joe,,Pitts,R,RepJoePitts,94156528752,94156528752,http://pitts.house.gov/,http://pitts.house.gov/rss.xml,pitts.house.gov,12,PA,16,5.28,92.29
P000422,922,http://api.nytimes.com/svc/politics/v3/us/legislative/congress/members/P000422.json,Earl,,Pomeroy,D,,,,,,,16,ND,1,2.03,95.75
P000523,930,http://api.nytimes.com/svc/politics/v3/us/legislative/congress/members/P000523.json,David,E.,Price,D,RepDavidEPrice,,,http://price.house.gov,http://price.house.gov/index.php?format=feed&type=rss,price.house.gov,20,NC,4,1.55,97.78
P000555,933,http://api.nytimes.com/svc/politics/v3/us/legislative/congress/members/P000555.json,Deborah,D.,Pryce,R,,,,,,,16,OH,15,21.44,87.51
P000583,900,http://api.nytimes.com/svc/politics/v3/us/legislative/congress/members/P000583.json,Ron,,Paul,R,RepRonPaul,,,,,,20,TX,14,24.53,74.56
P000585,1667,http://api.nytimes.com/svc/politics/v3/us/legislative/congress/members/P000585.json,Todd,R.,Platts,R,,,,,,,8,PA,19,2.51,84.03
P000586,1645,http://api.nytimes.com/svc/politics/v3/us/legislative/congress/members/P000586.json,Adam,H.,Putnam,R,,,,,,,8,FL,12,3.63,93.64
P000587,1649,http://api.nytimes.com/svc/politics/v3/us/legislative/congress/members/P000587.json,Mike,,Pence,R,RepMikePence,,,,,,8,IN,6,5.92,89.80
P000588,1738,http://api.nytimes.com/svc/politics/v3/us/legislative/congress/members/P000588.json,Steve,,Pearce,R,RepStevePearce,RepStevePearce,180280568662135,http://pearce.house.gov,http://pearce.house.gov/rss.xml,pearce.house.gov,6,NM,2,3.09,92.68
P000589,1739,http://api.nytimes.com/svc/politics/v3/us/legislative/congress/members/P000589.json,Jon,Christopher,Porter,R,,,,,,,6,NV,3,2.03,83.45
P000591,1778,http://api.nytimes.com/svc/politics/v3/us/legislative/congress/members/P000591.json,Tom,,Price,R,RepTomPrice,reptomprice,172032960420,http://tomprice.house.gov,http://tomprice.house.gov/rss.xml,tomprice.house.gov,4,GA,6,0.96,90.68
P000592,1802,http://api.nytimes.com/svc/politics/v3/us/legislative/congress/members/P000592.json,Ted,,Poe,R,JudgeTedPoe,106631626049851,106631626049851,http://poe.house.gov/,http://poe.house.gov/index.php?option=com_ninjarsssyndicator&feed_id=1&format=raw,www.house.gov,4,TX,2,5.65,88.02
P000593,1835,http://api.nytimes.com/svc/politics/v3/us/legislative/congress/members/P000593.json,Ed,,Perlmutter,D,RepPerlmutter,RepPerlmutter,86174496459,http://perlmutter.house.gov,http://perlmutter.house.gov/index.php?format=feed&type=rss,perlmutter.house.gov,2,CO,7,2.88,96.05
R000004,939,http://api.nytimes.com/svc/politics/v3/us/legislative/congress/members/R000004.json,George,P.,Radanovich,R,RepRadanovich,,,,,,14,CA,19,12.11,91.81
R000011,940,http://api.nytimes.com/svc/politics/v3/us/legislative/congress/members/R000011.json,Nick,J.,"Rahall II",D,,NickRahall,357958026910,http://www.rahall.house.gov,http://rahall.house.gov/rss.xml,www.rahall.house.gov,32,WV,3,0.69,95.01
R000033,942,http://api.nytimes.com/svc/politics/v3/us/legislative/congress/members/R000033.json,James,M.,Ramstad,R,,,,,,,18,MN,3,1.23,80.29
R000053,944,http://api.nytimes.com/svc/politics/v3/us/legislative/congress/members/R000053.json,Charles,B.,Rangel,D,cbrangel,CBRangel,7390589055,http://rangel.house.gov,http://rangel.house.gov/rss.xml,rangel.house.gov,38,NY,15,9.92,97.45
R000141,951,http://api.nytimes.com/svc/politics/v3/us/legislative/congress/members/R000141.json,Ralph,,Regula,R,,,,,,,36,OH,16,0.96,87.13
R000170,1516,http://api.nytimes.com/svc/politics/v3/us/legislative/congress/members/R000170.json,Silvestre,,Reyes,D,silvestrereyes,,,,,,12,TX,16,5.60,96.55
R000395,977,http://api.nytimes.com/svc/politics/v3/us/legislative/congress/members/R000395.json,Harold,,Rogers,R,RepHalRogers,CongressmanHalRogers,6722039085,http://halrogers.house.gov,http://halrogers.house.gov/news/rss.aspx,halrogers.house.gov,28,KY,5,2.08,93.25
R000409,979,http://api.nytimes.com/svc/politics/v3/us/legislative/congress/members/R000409.json,Dana,,Rohrabacher,R,,,,http://rohrabacher.house.gov/,http://rohrabacher.house.gov/rss.xml,rohrabacher.house.gov,20,CA,46,6.29,88.62
R000435,985,http://api.nytimes.com/svc/politics/v3/us/legislative/congress/members/R000435.json,Ileana,,Ros-Lehtinen,R,RosLehtinen,iroslehtinen,286546974761109,http://ros-lehtinen.house.gov,http://ros-lehtinen.house.gov/rss.xml,ros-lehtinen.house.gov,20,FL,18,3.36,82.95
R000462,1520,http://api.nytimes.com/svc/politics/v3/us/legislative/congress/members/R000462.json,Steven,R.,Rothman,D,,,,,,,12,NJ,9,4.85,97.09
R000486,997,http://api.nytimes.com/svc/politics/v3/us/legislative/congress/members/R000486.json,Lucille,,Roybal-Allard,D,RepRoybalAllard,RepRoybalAllard,139773069370563,http://roybal-allard.house.gov/,http://roybal-allard.house.gov/News/Rss.aspx,roybal-allard.house.gov,16,CA,34,1.17,96.98
R000487,998,http://api.nytimes.com/svc/politics/v3/us/legislative/congress/members/R000487.json,Ed,,Royce,R,RepEdRoyce,EdRoyce,6460640558,http://www.royce.house.gov,http://royce.house.gov/News/Rss.aspx,www.royce.house.gov,16,CA,40,2.56,89.60
R000515,1003,http://api.nytimes.com/svc/politics/v3/us/legislative/congress/members/R000515.json,Bobby,L.,Rush,D,RepBobbyRush,congressmanbobbyrush,230753786936538,http://rush.house.gov,http://rush.house.gov/rss.xml,rush.house.gov,16,IL,1,31.84,96.87
R000568,1518,http://api.nytimes.com/svc/politics/v3/us/legislative/congress/members/R000568.json,Ciro,D.,Rodriguez,D,,,,,,,2,TX,23,1.17,95.84
R000569,1587,http://api.nytimes.com/svc/politics/v3/us/legislative/congress/members/R000569.json,Thomas,M.,Reynolds,R,,,,,,,10,NY,26,5.76,91.91
R000570,1560,http://api.nytimes.com/svc/politics/v3/us/legislative/congress/members/R000570.json,Paul,D.,Ryan,R,reppaulryan,reppaulryan,7123827676,http://paulryan.house.gov,http://paulryan.house.gov/news/rss.aspx,paulryan.house.gov,10,WI,1,1.92,90.70
R000571,1657,http://api.nytimes.com/svc/politics/v3/us/legislative/congress/members/R000571.json,Denny,,Rehberg,R,DennyRehberg,,,,,,8,MT,1,0.21,91.50
R000572,1651,http://api.nytimes.com/svc/politics/v3/us/legislative/congress/members/R000572.json,Mike,,Rogers,R,RepMikeRogers,168209963203416,168209963203416,http://mikerogers.house.gov,http://mikerogers.house.gov/news/rss.aspx,mikerogers.house.gov,8,MI,8,1.92,91.90
R000573,1632,http://api.nytimes.com/svc/politics/v3/us/legislative/congress/members/R000573.json,Mike,,Ross,D,RepMikeRoss,,,,,,8,AR,4,1.55,93.61
R000574,1706,http://api.nytimes.com/svc/politics/v3/us/legislative/congress/members/R000574.json,Rick,,Renzi,R,,,,,,,6,AZ,1,8.05,85.85
R000575,1704,http://api.nytimes.com/svc/politics/v3/us/legislative/congress/members/R000575.json,Mike,D.,Rogers,R,RepMikeRogersAL,171770326187035,,http://mike-rogers.house.gov/,http://mike-rogers.house.gov/rss.xml,mike-rogers.house.gov,8,AL,3,1.97,90.48
R000576,1728,http://api.nytimes.com/svc/politics/v3/us/legislative/congress/members/R000576.json,"C.A. Dutch",,Ruppersberger,D,Call_Me_Dutch,184756771570504,,http://dutch.house.gov/,http://dutch.house.gov/atom.xml,dutch.house.gov,6,MD,2,5.23,96.51
R000577,1756,http://api.nytimes.com/svc/politics/v3/us/legislative/congress/members/R000577.json,Tim,,Ryan,D,RepTimRyan,timryan,121560497865,http://timryan.house.gov,http://timryan.house.gov/rss.xml,timryan.house.gov,6,OH,17,3.79,96.73
R000578,1810,http://api.nytimes.com/svc/politics/v3/us/legislative/congress/members/R000578.json,Dave,,Reichert,R,davereichert,repdavereichert,91504302598,http://reichert.house.gov/,http://reichert.house.gov/rss.xml,reichert.house.gov,4,WA,8,1.71,82.09
R000580,1848,http://api.nytimes.com/svc/politics/v3/us/legislative/congress/members/R000580.json,Peter,,Roskam,R,PeterRoskam,,,http://roskam.house.gov,http://roskam.house.gov/index.php?format=feed&type=rss,roskam.house.gov,2,IL,6,1.97,92.17
R000581,1883,http://api.nytimes.com/svc/politics/v3/us/legislative/congress/members/R000581.json,Laura,,Richardson,D,replrichardson,,,,,,2,CA,37,6.13,98.24
S000030,1522,http://api.nytimes.com/svc/politics/v3/us/legislative/congress/members/S000030.json,Loretta,,Sanchez,D,lorettasanchez,LorettaSanchez,90966961167,http://www.lorettasanchez.house.gov,http://lorettasanchez.house.gov/rss.xml,www.lorettasanchez.house.gov,12,CA,47,5.76,96.77
S000097,1023,http://api.nytimes.com/svc/politics/v3/us/legislative/congress/members/S000097.json,"H. James",,Saxton,R,,,,,,,26,NJ,3,8.00,83.07
S000185,1037,http://api.nytimes.com/svc/politics/v3/us/legislative/congress/members/S000185.json,Robert,C.,Scott,D,repbobbyscott,CongressmanBobbyScott,123839200978190,http://www.bobbyscott.house.gov/,http://www.bobbyscott.house.gov/index.php?format=feed&type=rss,www.bobbyscott.house.gov,16,VA,3,1.12,97.41
S000244,1041,http://api.nytimes.com/svc/politics/v3/us/legislative/congress/members/S000244.json,F.,James,Sensenbrenner,R,JimPressOffice,RepSensenbrenner,,http://sensenbrenner.house.gov/,http://sensenbrenner.house.gov/news/rss.aspx,sensenbrenner.house.gov,30,WI,5,1.92,88.47
S000248,1042,http://api.nytimes.com/svc/politics/v3/us/legislative/congress/members/S000248.json,José,E.,Serrano,D,repjoseserrano,RepJoseSerrano,273446508512,http://serrano.house.gov,http://serrano.house.gov/rss.xml,serrano.house.gov,20,NY,16,1.01,96.50
S000250,1525,http://api.nytimes.com/svc/politics/v3/us/legislative/congress/members/S000250.json,Pete,,Sessions,R,petesessions,petesessions,367963843082,http://sessions.house.gov/,http://sessions.house.gov/?a=RSS.Feed,sessions.house.gov,12,TX,32,10.13,91.39
S000275,1043,http://api.nytimes.com/svc/politics/v3/us/legislative/congress/members/S000275.json,John,,Shadegg,R,,,,,,,14,AZ,3,2.19,87.90
S000344,1526,http://api.nytimes.com/svc/politics/v3/us/legislative/congress/members/S000344.json,Brad,,Sherman,D,BradSherman,63158229861,63158229861,http://bradsherman.house.gov,http://bradsherman.house.gov/atom.xml,bradsherman.house.gov,12,CA,27,1.23,96.60
S000364,1527,http://api.nytimes.com/svc/politics/v3/us/legislative/congress/members/S000364.json,John,,Shimkus,R,RepShimkus,repshimkus,123916254317516,http://shimkus.house.gov,http://shimkus.house.gov/rss.xml,shimkus.house.gov,12,IL,19,5.60,89.49
S000465,1064,http://api.nytimes.com/svc/politics/v3/us/legislative/congress/members/S000465.json,Ike,,Skelton,D,,,,,,,32,MO,4,2.29,95.14
S000480,1069,http://api.nytimes.com/svc/politics/v3/us/legislative/congress/members/S000480.json,Louise,M.,Slaughter,D,louiseslaughter,RepLouiseSlaughter,82424647700,http://www.louise.house.gov,http://www.louise.house.gov/index.php?format=feed&type=rss,www.louise.house.gov,22,NY,28,4.48,97.10
S000510,1528,http://api.nytimes.com/svc/politics/v3/us/legislative/congress/members/S000510.json,Adam,,Smith,D,Rep_Adam_Smith,RepAdamSmith,288586617834523,http://adamsmith.house.gov/,http://adamsmith.house.gov/news/rss.aspx,adamsmith.house.gov,12,WA,9,5.28,95.50
S000522,1071,http://api.nytimes.com/svc/politics/v3/us/legislative/congress/members/S000522.json,Christopher,H.,Smith,R,,,,http://chrissmith.house.gov,http://chrissmith.house.gov/News/Rss.aspx,chrissmith.house.gov,28,NJ,4,1.92,76.67
S000583,1075,http://api.nytimes.com/svc/politics/v3/us/legislative/congress/members/S000583.json,Lamar,,Smith,R,LamarSmithTX21,LamarSmithTX21,107736785195,http://lamarsmith.house.gov,http://lamarsmith.house.gov/news/rss.aspx,lamarsmith.house.gov,22,TX,21,2.40,94.15
S000672,1530,http://api.nytimes.com/svc/politics/v3/us/legislative/congress/members/S000672.json,Vic,,Snyder,D,,,,,,,12,AR,2,3.20,96.31
S000749,1092,http://api.nytimes.com/svc/politics/v3/us/legislative/congress/members/S000749.json,John,M.,"Spratt Jr.",D,,,,,,,26,SC,5,2.13,96.19
S000810,1101,http://api.nytimes.com/svc/politics/v3/us/legislative/congress/members/S000810.json,Pete,,Stark,D,petestark,,,,,,36,CA,13,10.19,92.87
S000822,1103,http://api.nytimes.com/svc/politics/v3/us/legislative/congress/members/S000822.json,Cliff,,Stearns,R,RepCliffStearns,,,,,,20,FL,6,0.85,89.73
S001045,1123,http://api.nytimes.com/svc/politics/v3/us/legislative/congress/members/S001045.json,Bart,,Stupak,D,,,,,,,16,MI,1,2.83,93.85
S001143,1089,http://api.nytimes.com/svc/politics/v3/us/legislative/congress/members/S001143.json,Mark,,Souder,R,,,,,,,14,IN,3,6.61,89.95
S001144,1048,http://api.nytimes.com/svc/politics/v3/us/legislative/congress/members/S001144.json,Christopher,H.,Shays,R,,,,,,,22,CT,4,5.17,78.29
S001145,1588,http://api.nytimes.com/svc/politics/v3/us/legislative/congress/members/S001145.json,Jan,,Schakowsky,D,janschakowsky,janschakowsky,160143957118,http://schakowsky.house.gov/,http://schakowsky.house.gov/index.php?format=feed&type=rss,schakowsky.house.gov,10,IL,9,1.12,96.55
S001148,1590,http://api.nytimes.com/svc/politics/v3/us/legislative/congress/members/S001148.json,Mike,,Simpson,R,CongMikeSimpson,96007744606,96007744606,http://simpson.house.gov/,http://simpson.house.gov/news/rss.aspx,simpson.house.gov,10,ID,2,5.12,87.69
S001150,1635,http://api.nytimes.com/svc/politics/v3/us/legislative/congress/members/S001150.json,Adam,B.,Schiff,D,RepAdamSchiff,RepAdamSchiff,9086721830,http://schiff.house.gov,http://schiff.house.gov/common/rss/?rss=49,schiff.house.gov,8,CA,29,1.23,97.46
S001153,1636,http://api.nytimes.com/svc/politics/v3/us/legislative/congress/members/S001153.json,Hilda,L.,Solis,D,,,,,,,8,CA,32,2.35,97.38
S001154,1681,http://api.nytimes.com/svc/politics/v3/us/legislative/congress/members/S001154.json,Bill,,Shuster,R,RepBillShuster,Rep.Shuster,54386677806,http://shuster.house.gov/,http://shuster.house.gov/common/rss//index.cfm?rss=49,shuster.house.gov,8,PA,9,2.77,92.81
S001155,1689,http://api.nytimes.com/svc/politics/v3/us/legislative/congress/members/S001155.json,John,,Sullivan,R,USRepSullivan,,,,,,8,OK,1,8.80,91.81
S001156,1757,http://api.nytimes.com/svc/politics/v3/us/legislative/congress/members/S001156.json,Linda,T.,Sanchez,D,replindasanchez,CongresswomanLindaSanchez,110685735673141,http://lindasanchez.house.gov,http://lindasanchez.house.gov/index.php?format=feed&type=rss,lindasanchez.house.gov,6,CA,39,1.60,96.91
S001157,1722,http://api.nytimes.com/svc/politics/v3/us/legislative/congress/members/S001157.json,David,,Scott,D,repdavidscott,113303673339,113303673339,http://davidscott.house.gov,http://davidscott.house.gov/news/rss.aspx,davidscott.house.gov,6,GA,13,1.44,96.65
S001158,1775,http://api.nytimes.com/svc/politics/v3/us/legislative/congress/members/S001158.json,John,,Salazar,D,,,,,,,4,CO,3,1.44,95.24
S001162,1798,http://api.nytimes.com/svc/politics/v3/us/legislative/congress/members/S001162.json,Allyson,Y.,Schwartz,D,,RepAllysonSchwartz,244000962363116,http://schwartz.house.gov/,http://schwartz.house.gov/rss.xml,schwartz.house.gov,2,PA,13,1.65,96.80
S001164,1815,http://api.nytimes.com/svc/politics/v3/us/legislative/congress/members/S001164.json,Jean,,Schmidt,R,,,,,,,4,OH,2,2.77,92.54
S001165,1818,http://api.nytimes.com/svc/politics/v3/us/legislative/congress/members/S001165.json,Albio,,Sires,D,Rep_Albio_Sires,81058818750,81058818750,http://sires.house.gov,http://sires.house.gov/rss.xml,sires.house.gov,4,NJ,13,3.36,97.46
S001167,1847,http://api.nytimes.com/svc/politics/v3/us/legislative/congress/members/S001167.json,Bill,,Sali,R,,,,,,,2,ID,1,1.23,88.17
S001168,1854,http://api.nytimes.com/svc/politics/v3/us/legislative/congress/members/S001168.json,John,,Sarbanes,D,RepJohnSarbanes,,,http://sarbanes.house.gov,http://sarbanes.house.gov/rss_news.asp,sarbanes.house.gov,2,MD,3,0.75,98.17
S001169,1874,http://api.nytimes.com/svc/politics/v3/us/legislative/congress/members/S001169.json,Joe,,Sestak,D,JoeSestak,,,,,,2,PA,7,2.93,95.99
S001170,1861,http://api.nytimes.com/svc/politics/v3/us/legislative/congress/members/S001170.json,Carol,,Shea-Porter,D,RepSheaPorter,RepSheaPorter,422460677824474,http://shea-porter.house.gov,http://shea-porter.house.gov/rss.xml,shea-porter.house.gov,2,NH,1,1.87,97.12
S001171,1859,http://api.nytimes.com/svc/politics/v3/us/legislative/congress/members/S001171.json,Heath,,Shuler,D,,,,,,,2,NC,11,3.79,85.37
S001172,1860,http://api.nytimes.com/svc/politics/v3/us/legislative/congress/members/S001172.json,Adrian,,Smith,R,RepAdrianSmith,,,http://www.adriansmith.house.gov,http://adriansmith.house.gov/rss.xml,www.adriansmith.house.gov,2,NE,3,1.07,93.48
S001173,1871,http://api.nytimes.com/svc/politics/v3/us/legislative/congress/members/S001173.json,Zack,,Space,D,,,,,,,2,OH,18,3.25,91.79
S001174,1870,http://api.nytimes.com/svc/politics/v3/us/legislative/congress/members/S001174.json,Betty,,Sutton,D,BettySutton,,,,,,2,OH,13,3.04,97.36
S001175,1890,http://api.nytimes.com/svc/politics/v3/us/legislative/congress/members/S001175.json,Jackie,,Speier,D,repspeier,JackieSpeier,99332606976,http://speier.house.gov,http://speier.house.gov/index.php?format=feed&type=rss,speier.house.gov,2,CA,12,16.83,98.12
S001176,1892,http://api.nytimes.com/svc/politics/v3/us/legislative/congress/members/S001176.json,Steve,,Scalise,R,SteveScalise,RepSteveScalise,50936151681,http://scalise.house.gov,http://scalise.house.gov/rss.xml,scalise.house.gov,2,LA,1,0.00,93.60
T000038,1137,http://api.nytimes.com/svc/politics/v3/us/legislative/congress/members/T000038.json,John,,Tanner,D,,,,,,,20,TN,8,3.47,91.71
T000057,1533,http://api.nytimes.com/svc/politics/v3/us/legislative/congress/members/T000057.json,Ellen,O.,Tauscher,D,,,,,,,12,CA,10,1.07,97.84
T000074,1142,http://api.nytimes.com/svc/politics/v3/us/legislative/congress/members/T000074.json,Gene,,Taylor,D,,,,,,,20,MS,4,3.04,85.42
T000193,1151,http://api.nytimes.com/svc/politics/v3/us/legislative/congress/members/T000193.json,Bennie,,Thompson,D,BennieGThompson,7259193379,7259193379,http://benniethompson.house.gov,http://benniethompson.house.gov/index.php?format=feed&type=rss,benniethompson.house.gov,16,MS,2,2.77,96.65
T000238,1155,http://api.nytimes.com/svc/politics/v3/us/legislative/congress/members/T000238.json,William,M.,Thornberry,R,MacTXPress,repmacthornberry,7760165627,http://thornberry.house.gov/,,thornberry.house.gov,14,TX,13,1.76,90.17
T000260,1158,http://api.nytimes.com/svc/politics/v3/us/legislative/congress/members/T000260.json,Todd,,Tiahrt,R,RepToddTiahrt,,,,,,14,KS,4,4.59,91.28
T000266,1535,http://api.nytimes.com/svc/politics/v3/us/legislative/congress/members/T000266.json,John,F.,Tierney,D,RepTierney,CongressmanJohnTierney,203760666318846,http://tierney.house.gov,http://tierney.house.gov/index.php?format=feed&type=rss,tierney.house.gov,12,MA,6,2.72,96.82
T000326,1165,http://api.nytimes.com/svc/politics/v3/us/legislative/congress/members/T000326.json,Edolphus,,Towns,D,edtowns,,,,,,26,NY,10,6.29,96.36
T000458,1592,http://api.nytimes.com/svc/politics/v3/us/legislative/congress/members/T000458.json,Thomas,G.,Tancredo,R,,,,,,,10,CO,6,24.37,86.46
T000459,1566,http://api.nytimes.com/svc/politics/v3/us/legislative/congress/members/T000459.json,Lee,,Terry,R,LEETERRYNE,leeterry,393886975960,http://leeterry.house.gov,http://leeterry.house.gov/index.php?format=feed&type=rss,leeterry.house.gov,10,NE,2,3.15,90.20
T000460,1593,http://api.nytimes.com/svc/politics/v3/us/legislative/congress/members/T000460.json,Mike,,Thompson,D,RepThompson,RepMikeThompson,7109195747,http://mikethompson.house.gov,http://mikethompson.house.gov/news/rss.aspx,mikethompson.house.gov,10,CA,1,1.81,95.65
T000462,1664,http://api.nytimes.com/svc/politics/v3/us/legislative/congress/members/T000462.json,Pat,,Tiberi,R,tiberipress,RepPatTiberi,90452932937,http://tiberi.house.gov,http://tiberi.house.gov/news/rss.aspx,tiberi.house.gov,8,OH,12,1.92,91.63
T000463,1741,http://api.nytimes.com/svc/politics/v3/us/legislative/congress/members/T000463.json,Michael,R.,Turner,R,RepMikeTurner,RepMikeTurner,9275036647,http://turner.house.gov/,http://turner.house.gov/news/rss.aspx,turner.house.gov,6,OH,3,2.08,87.58
T000465,1884,http://api.nytimes.com/svc/politics/v3/us/legislative/congress/members/T000465.json,Niki,,Tsongas,D,nikiinthehouse,RepTsongas,131079823624873,http://tsongas.house.gov,http://tsongas.house.gov/rss/press-releases.xml,tsongas.house.gov,2,MA,5,1.01,98.31
U000031,1177,http://api.nytimes.com/svc/politics/v3/us/legislative/congress/members/U000031.json,Fred,,Upton,R,RepFredUpton,RepFredUpton,212027388827797,http://upton.house.gov/,http://upton.house.gov/news/rss.aspx,upton.house.gov,22,MI,6,0.53,88.69
U000038,1595,http://api.nytimes.com/svc/politics/v3/us/legislative/congress/members/U000038.json,Mark,,Udall,D,MarkUdall,markudall,17204170252,http://www.markudall.senate.gov/,http://www.markudall.senate.gov/rss/?p=blog,,10,CO,2,9.76,95.04
U000039,1567,http://api.nytimes.com/svc/politics/v3/us/legislative/congress/members/U000039.json,Tom,,Udall,D,SenatorTomUdall,senatortomudall,106433512869,http://www.tomudall.senate.gov/,http://www.tomudall.senate.gov/rss/,,10,NM,3,4.32,97.05
V000081,1184,http://api.nytimes.com/svc/politics/v3/us/legislative/congress/members/V000081.json,Nydia,M.,Velázquez,D,NydiaVelazquez,,,http://velazquez.house.gov/,,velazquez.house.gov,16,NY,12,1.71,96.64
V000108,1188,http://api.nytimes.com/svc/politics/v3/us/legislative/congress/members/V000108.json,Peter,J.,Visclosky,D,repvisclosky,repvisclosky,118723661514709,http://visclosky.house.gov,http://visclosky.house.gov/rss.xml,visclosky.house.gov,24,IN,1,2.56,97.21
V000128,1729,http://api.nytimes.com/svc/politics/v3/us/legislative/congress/members/V000128.json,Chris,,"Van Hollen",D,chrisvanhollen,chrisvanhollen,109304033877,http://vanhollen.house.gov,http://vanhollen.house.gov/news/rss.aspx,vanhollen.house.gov,6,MD,8,1.55,97.72
W000099,1197,http://api.nytimes.com/svc/politics/v3/us/legislative/congress/members/W000099.json,James,T.,Walsh,R,,,,,,,20,NY,25,5.60,82.54
W000119,1199,http://api.nytimes.com/svc/politics/v3/us/legislative/congress/members/W000119.json,Zach,,Wamp,R,zachwamp,,,,,,14,TN,3,3.41,92.38
W000187,1205,http://api.nytimes.com/svc/politics/v3/us/legislative/congress/members/W000187.json,Maxine,,Waters,D,MaxineWaters,MaxineWaters,117483585008,http://waters.house.gov/,http://waters.house.gov/news/rss.aspx,waters.house.gov,18,CA,35,6.61,94.92
W000207,1207,http://api.nytimes.com/svc/politics/v3/us/legislative/congress/members/W000207.json,Melvin,,Watt,D,MelWattNC12,CongressmanMelWatt,191136754250537,http://watt.house.gov,http://watt.house.gov/index.php?format=feed&type=rss,watt.house.gov,16,NC,12,1.23,96.71
W000215,1209,http://api.nytimes.com/svc/politics/v3/us/legislative/congress/members/W000215.json,Henry,A.,Waxman,D,WaxmanClimate,Rep.HenryWaxman,129514917081997,http://www.henrywaxman.house.gov,http://waxman.house.gov/rss.xml,www.henrywaxman.house.gov,34,CA,30,5.76,97.11
W000267,1215,http://api.nytimes.com/svc/politics/v3/us/legislative/congress/members/W000267.json,David,J.,Weldon,R,,,,,,,14,FL,15,8.00,89.51
W000273,1216,http://api.nytimes.com/svc/politics/v3/us/legislative/congress/members/W000273.json,Gerald,C.,Weller,R,,,,,,,14,IL,11,14.99,85.76
W000314,1537,http://api.nytimes.com/svc/politics/v3/us/legislative/congress/members/W000314.json,Robert,,Wexler,D,,,,,,,12,FL,19,9.39,97.00
W000413,1222,http://api.nytimes.com/svc/politics/v3/us/legislative/congress/members/W000413.json,Edward,,Whitfield,R,repedwhitfield,RepEdWhitfield,91115765425,http://whitfield.house.gov/,http://whitfield.house.gov/rss.xml,whitfield.house.gov,14,KY,1,3.79,88.47
W000437,1226,http://api.nytimes.com/svc/politics/v3/us/legislative/congress/members/W000437.json,Roger,,Wicker,R,senatorwicker,SenatorWicker,,http://www.wicker.senate.gov,,wicker.senate.gov,14,MS,1,2.61,90.04
W000672,1238,http://api.nytimes.com/svc/politics/v3/us/legislative/congress/members/W000672.json,Frank,R.,Wolf,R,RepWOLFPress,RepFrankWolf,335759964938,http://wolf.house.gov/,http://wolf.house.gov/common/rss//index.cfm?rss=34,wolf.house.gov,28,VA,10,1.55,86.73
W000738,1242,http://api.nytimes.com/svc/politics/v3/us/legislative/congress/members/W000738.json,Lynn,,Woolsey,D,RepLynnWoolsey,,,,,,16,CA,6,9.07,95.31
W000784,1251,http://api.nytimes.com/svc/politics/v3/us/legislative/congress/members/W000784.json,Albert,Russell,Wynn,D,,,,,,,16,MD,4,10.24,97.06
W000789,1539,http://api.nytimes.com/svc/politics/v3/us/legislative/congress/members/W000789.json,Heather,A.,Wilson,R,,,,,,,12,NM,1,6.03,87.12
W000791,1596,http://api.nytimes.com/svc/politics/v3/us/legislative/congress/members/W000791.json,Greg,,Walden,R,repgregwalden,repgregwalden,313301365382225,http://walden.house.gov,http://walden.house.gov/common/rss/?rss=100,walden.house.gov,10,OR,2,2.45,89.01
W000792,1597,http://api.nytimes.com/svc/politics/v3/us/legislative/congress/members/W000792.json,Anthony,,Weiner,D,repweiner,,,,,,10,NY,9,6.03,96.88
W000793,1598,http://api.nytimes.com/svc/politics/v3/us/legislative/congress/members/W000793.json,David,,Wu,D,davidwu2010,,,,,,10,OR,1,1.65,96.10
W000794,1682,http://api.nytimes.com/svc/politics/v3/us/legislative/congress/members/W000794.json,Diane,,Watson,D,,,,,,,8,CA,33,4.48,96.54
W000795,1688,http://api.nytimes.com/svc/politics/v3/us/legislative/congress/members/W000795.json,Joe,,Wilson,R,USRepJoeWilson,JoeWilson,70150469414,http://joewilson.house.gov,http://joewilson.house.gov/news/rss.aspx,joewilson.house.gov,8,SC,2,1.23,92.06
W000796,1779,http://api.nytimes.com/svc/politics/v3/us/legislative/congress/members/W000796.json,Lynn,,Westmoreland,R,repwestmoreland,71389451419,71389451419,http://westmoreland.house.gov/,http://westmoreland.house.gov/index.php?format=feed&type=rss,westmoreland.house.gov,4,GA,3,8.11,88.86
W000797,1777,http://api.nytimes.com/svc/politics/v3/us/legislative/congress/members/W000797.json,Debbie,,"Wasserman Schultz",D,,RepDWS,88904724121,http://wassermanschultz.house.gov,http://wassermanschultz.house.gov/atom.xml,wassermanschultz.house.gov,4,FL,20,3.15,97.30
W000798,1855,http://api.nytimes.com/svc/politics/v3/us/legislative/congress/members/W000798.json,Tim,,Walberg,R,RepWalberg,RepWalberg,187654104587692,http://walberg.house.gov,http://walberg.house.gov/news/rss.aspx,walberg.house.gov,2,MI,7,1.55,90.90
W000799,1856,http://api.nytimes.com/svc/politics/v3/us/legislative/congress/members/W000799.json,Tim,,Walz,D,RepTimWalz,,,http://walz.house.gov,http://walz.house.gov/index.php?format=feed&type=rss,walz.house.gov,2,MN,1,0.37,95.66
W000800,1879,http://api.nytimes.com/svc/politics/v3/us/legislative/congress/members/W000800.json,Peter,,Welch,D,,PeterWelch,72680720883,http://www.welch.house.gov,http://www.welch.house.gov/index.php?format=feed&type=rss,www.welch.house.gov,2,VT,1,1.33,96.00
W000801,1869,http://api.nytimes.com/svc/politics/v3/us/legislative/congress/members/W000801.json,Charlie,,Wilson,D,,,,,,,2,OH,6,6.45,94.70
W000804,1886,http://api.nytimes.com/svc/politics/v3/us/legislative/congress/members/W000804.json,Robert,J.,Wittman,R,RobWittman,RepRobWittman,38932542633,http://www.wittman.house.gov,http://www.wittman.house.gov/index.php?format=feed&type=rss,www.wittman.house.gov,2,VA,1,0.98,94.63
Y000031,1255,http://api.nytimes.com/svc/politics/v3/us/legislative/congress/members/Y000031.json,"C. W. Bill",,Young,R,,,,http://young.house.gov/,http://young.house.gov/rss.xml,young.house.gov,38,FL,10,4.37,88.01
Y000033,1256,http://api.nytimes.com/svc/politics/v3/us/legislative/congress/members/Y000033.json,Don,,Young,R,repdonyoung,RepDonYoung,7476269851,http://donyoung.house.gov,http://donyoung.house.gov/news/rss.aspx,donyoung.house.gov,36,AK,1,16.91,86.14
Y000062,1853,http://api.nytimes.com/svc/politics/v3/us/legislative/congress/members/Y000062.json,John,,Yarmuth,D,RepJohnYarmuth,214258646163,214258646163,http://yarmuth.house.gov,,yarmuth.house.gov,2,KY,3,2.29,96.83
